home_team,away_team,home_win,draw,away_win,zero_zero,zero_one,zero_two,zero_three,zero_four,one_zero,one_one,one_two,one_three,one_four,two_zero,two_one,two_two,two_three,two_four,three_zero,three_one,three_two,three_three,three_four,four_zero,four_one,four_two,four_three,four_four
México,Coreia do Sul,58.119,25.995,15.886,12.05,7.516,2.401,0.549,0.102,17.811,10.984,3.551,0.828,0.131,13.17,8.328,2.618,0.623,0.082,6.554,4.208,1.353,0.32,0.043,2.523,1.589,0.519,0.118,0.022
México,África do Sul,61.037,26.646,12.317,14.679,7.034,1.675,0.286,0.054,20.66,10.014,2.416,0.423,0.056,14.996,7.294,1.807,0.297,0.035,7.413,3.543,0.884,0.137,0.02,2.681,1.345,0.33,0.056,0.008
México,Tchéquia,67.903,20.851,11.246,8.389,5.046,1.508,0.307,0.071,15.607,9.375,2.854,0.604,0.123,14.368,8.816,2.679,0.551,0.092,9.218,5.452,1.705,0.371,0.049,4.545,2.641,0.785,0.167,0.035
México,Canadá,45.505,30.682,23.813,14.94,11.095,4.132,1.073,0.226,17.194,12.694,4.779,1.244,0.249,9.879,7.287,2.75,0.699,0.15,3.954,2.861,1.079,0.277,0.049,1.19,0.862,0.348,0.092,0.021
México,Suíça,40.509,29.275,30.216,12.275,11.496,5.525,1.805,0.453,14.015,12.885,6.302,2.16,0.537,8.152,7.52,3.603,1.147,0.309,3.117,3.089,1.379,0.469,0.125,0.98,0.92,0.444,0.124,0.042
México,Catar,83.086,12.3,4.614,4.755,2.128,0.553,0.075,0.007,12.332,5.589,1.306,0.18,0.038,15.519,7.065,1.714,0.258,0.033,13.452,6.23,1.428,0.221,0.018,8.962,4.074,0.974,0.161,0.02
México,Bósnia e Herzegovina,68.051,21.147,10.802,9.154,5.104,1.504,0.307,0.044,16.418,9.331,2.612,0.565,0.075,15.075,8.351,2.339,0.44,0.075,9.422,5.253,1.461,0.306,0.042,4.327,2.569,0.721,0.134,0.016
México,Brasil,25.227,30.893,43.88,15.092,16.821,9.413,3.607,1.06,11.473,12.738,7.169,2.754,0.844,4.579,5.047,2.772,1.085,0.327,1.227,1.327,0.759,0.269,0.081,0.24,0.224,0.156,0.05,0.022
México,Marrocos,27.711,35.638,36.651,21.322,18.115,7.822,2.208,0.509,14.796,12.281,5.206,1.527,0.347,5.25,4.334,1.906,0.562,0.114,1.231,1.014,0.466,0.123,0.029,0.223,0.184,0.096,0.027,0.006
México,Escócia,53.012,28.944,18.044,14.612,9.006,2.893,0.642,0.09,18.601,11.719,3.755,0.798,0.142,12.178,7.523,2.396,0.547,0.084,5.529,3.381,1.104,0.199,0.036,1.891,1.167,0.364,0.085,0.017
México,Haiti,78.263,15.549,6.188,6.754,3.072,0.685,0.137,0.015,14.568,6.736,1.599,0.253,0.03,16.423,7.689,1.804,0.312,0.037,12.379,5.825,1.367,0.236,0.034,7.265,3.327,0.768,0.13,0.019
México,EUA,49.198,26.9,23.902,9.952,8.874,3.895,1.2,0.288,14.013,12.319,5.629,1.7,0.418,9.868,8.527,3.968,1.222,0.275,4.634,4.246,1.966,0.596,0.137,1.779,1.54,0.694,0.208,0.062
México,Austrália,40.269,34.985,24.746,20.639,13.478,4.423,1.017,0.147,18.989,12.308,4.011,0.92,0.169,8.759,5.752,1.911,0.42,0.068,2.773,1.825,0.576,0.118,0.028,0.69,0.421,0.143,0.027,0.009
México,Paraguai,46.66,33.277,20.063,19.752,11.328,3.257,0.609,0.097,20.719,11.671,3.497,0.683,0.103,10.73,6.047,1.722,0.378,0.063,3.885,2.226,0.671,0.128,0.011,1.086,0.602,0.162,0.035,0.004
México,Turquia,54.265,26.115,19.62,10.41,8.041,3.1,0.851,0.167,15.352,11.651,4.555,1.253,0.297,11.541,8.578,3.542,0.911,0.193,5.941,4.421,1.699,0.475,0.108,2.218,1.716,0.663,0.158,0.035
México,Alemanha,32.885,26.568,40.547,8.061,10.918,7.071,3.256,1.119,9.487,12.557,8.363,3.763,1.351,5.623,7.33,4.939,2.233,0.813,2.28,2.897,2.008,0.9,0.295,0.688,0.867,0.621,0.309,0.104
México,Equador,33.562,41.495,24.943,29.755,15.908,4.43,0.794,0.113,19.974,10.701,2.839,0.539,0.075,6.705,3.603,0.999,0.184,0.027,1.597,0.841,0.241,0.04,0.005,0.312,0.138,0.054,0.005,0.0
México,Costa do Marfim,51.215,31.472,17.313,18.422,9.864,2.655,0.533,0.075,21.27,11.145,3.134,0.568,0.08,12.096,6.559,1.771,0.316,0.039,4.768,2.523,0.72,0.124,0.017,1.456,0.805,0.241,0.043,0.01
México,Curaçao,82.277,13.318,4.405,6.167,2.368,0.475,0.068,0.011,14.611,5.641,1.101,0.146,0.013,17.315,6.599,1.367,0.168,0.031,14.105,5.327,1.118,0.131,0.013,8.621,3.378,0.629,0.1,0.012
México,Holanda,30.395,28.677,40.928,10.886,13.097,8.096,3.224,1.089,10.858,13.18,7.853,3.246,1.022,5.607,6.597,3.994,1.629,0.535,1.826,2.176,1.345,0.572,0.19,0.506,0.557,0.36,0.139,0.045
México,Japão,33.053,30.272,36.675,13.49,13.885,7.178,2.629,0.715,13.044,13.019,6.913,2.506,0.696,6.447,6.411,3.341,1.217,0.328,2.08,2.132,1.137,0.397,0.111,0.497,0.549,0.295,0.099,0.023
México,Tunísia,69.826,21.094,9.08,10.369,4.865,1.199,0.186,0.02,18.3,8.633,2.094,0.299,0.043,16.563,7.663,1.901,0.273,0.054,10.049,4.704,1.108,0.179,0.03,4.647,2.177,0.54,0.084,0.011
México,Suécia,56.962,22.914,20.124,6.411,6.068,2.946,0.954,0.24,11.324,10.86,5.29,1.681,0.418,10.06,9.415,4.586,1.556,0.387,6.098,5.824,2.86,0.94,0.233,2.782,2.757,1.339,0.467,0.103
México,Bélgica,33.371,32.928,33.701,16.809,15.08,6.745,2.057,0.51,14.896,13.158,5.738,1.864,0.387,6.649,5.776,2.672,0.854,0.153,1.925,1.863,0.843,0.279,0.06,0.479,0.385,0.175,0.066,0.009
México,Egito,51.296,30.568,18.136,16.532,9.739,2.901,0.607,0.105,19.99,11.723,3.393,0.721,0.111,11.889,6.906,2.113,0.419,0.072,4.947,2.818,0.892,0.19,0.02,1.628,0.972,0.274,0.055,0.01
México,Irã,57.074,27.385,15.541,13.806,7.869,2.363,0.479,0.078,18.864,10.955,3.333,0.681,0.111,13.265,7.629,2.388,0.479,0.06,6.543,3.719,1.072,0.222,0.04,2.375,1.368,0.403,0.083,0.014
México,Nova Zelândia,79.172,14.136,6.692,4.856,2.794,0.788,0.171,0.014,11.698,6.598,1.847,0.381,0.058,14.476,7.976,2.278,0.457,0.083,11.96,6.605,1.889,0.361,0.05,7.433,4.145,1.159,0.248,0.041
México,Espanha,18.381,29.284,52.335,15.009,18.847,11.965,5.186,1.815,9.378,11.742,7.532,3.289,1.06,2.971,3.67,2.321,1.036,0.338,0.671,0.77,0.522,0.199,0.065,0.1,0.13,0.071,0.035,0.012
México,Uruguai,37.438,34.579,27.983,19.661,14.292,5.26,1.319,0.262,17.374,12.621,4.71,1.134,0.229,7.997,5.79,2.126,0.549,0.099,2.424,1.75,0.649,0.157,0.021,0.535,0.422,0.18,0.027,0.014
México,Arábia Saudita,63.239,26.075,10.686,15.267,6.536,1.382,0.211,0.034,22.064,9.257,1.96,0.277,0.03,16.096,6.846,1.437,0.218,0.02,7.927,3.313,0.719,0.112,0.008,2.913,1.264,0.241,0.04,0.002
México,Cabo Verde,61.154,27.219,11.627,16.059,6.948,1.619,0.222,0.032,22.038,9.583,2.138,0.34,0.035,15.267,6.656,1.469,0.242,0.019,7.376,3.145,0.78,0.105,0.016,2.731,1.141,0.258,0.032,0.003
México,França,22.314,29.376,48.31,13.757,16.869,10.487,4.438,1.523,10.24,12.359,7.69,3.217,1.137,3.895,4.59,2.922,1.287,0.43,0.942,1.174,0.75,0.315,0.11,0.188,0.221,0.134,0.067,0.022
México,Senegal,43.335,29.172,27.493,12.725,11.026,4.945,1.499,0.34,15.082,12.674,5.9,1.798,0.394,8.815,7.809,3.318,1.041,0.232,3.606,3.085,1.466,0.422,0.089,1.12,0.982,0.395,0.147,0.03
México,Noruega,43.175,25.333,31.492,6.786,8.145,5.011,2.098,0.687,9.834,11.908,7.256,3.063,0.957,7.301,8.814,5.422,2.249,0.752,3.697,4.377,2.618,1.067,0.328,1.337,1.761,1.022,0.446,0.141
México,Iraque,73.616,18.815,7.569,8.977,3.934,0.931,0.165,0.012,17.511,7.884,1.842,0.292,0.043,16.74,7.613,1.751,0.289,0.031,11.111,5.107,1.193,0.193,0.014,5.685,2.506,0.616,0.105,0.01
México,Argentina,16.889,30.565,52.546,17.368,20.953,12.472,5.178,1.636,9.526,11.161,6.772,2.698,0.869,2.63,3.08,1.877,0.788,0.243,0.491,0.575,0.34,0.155,0.05,0.084,0.075,0.03,0.028,0.004
México,Áustria,44.95,29.103,25.947,12.16,10.236,4.716,1.359,0.3,14.789,12.892,5.54,1.697,0.415,9.279,7.909,3.564,1.049,0.238,4.034,3.379,1.539,0.449,0.118,1.259,1.119,0.443,0.158,0.035
México,Argélia,53.794,26.531,19.675,10.86,8.39,3.137,0.786,0.158,15.632,11.924,4.511,1.175,0.248,11.484,8.578,3.294,0.869,0.17,5.758,4.349,1.596,0.419,0.102,2.136,1.622,0.624,0.162,0.033
México,Jordânia,67.98,20.514,11.506,7.982,5.053,1.517,0.321,0.056,14.806,9.265,2.984,0.626,0.116,14.185,8.781,2.861,0.61,0.103,9.235,5.704,1.77,0.374,0.063,4.546,2.812,0.904,0.188,0.029
México,Portugal,26.513,30.354,43.133,13.968,15.582,9.1,3.656,1.104,11.458,12.948,7.354,2.919,0.912,4.838,5.315,3.043,1.248,0.373,1.43,1.517,0.853,0.37,0.103,0.301,0.337,0.186,0.066,0.024
México,Colômbia,26.626,32.216,41.158,16.74,16.914,8.875,3.091,0.912,12.592,12.68,6.69,2.317,0.668,4.96,4.872,2.563,0.919,0.237,1.292,1.331,0.708,0.22,0.063,0.263,0.275,0.148,0.052,0.012
México,Uzbequistão,70.958,19.743,9.299,8.85,4.59,1.179,0.253,0.03,16.596,8.465,2.284,0.402,0.064,15.851,8.146,2.151,0.388,0.055,10.173,5.215,1.412,0.258,0.026,5.069,2.652,0.687,0.111,0.018
México,RD Congo,47.416,34.535,18.049,22.153,10.875,2.877,0.511,0.065,22.017,10.816,2.815,0.479,0.051,11.414,5.516,1.458,0.292,0.046,3.902,1.909,0.508,0.102,0.015,1.039,0.488,0.123,0.029,0.005
México,Inglaterra,23.176,32.838,43.986,18.332,18.487,9.881,3.638,0.971,12.078,12.163,6.463,2.303,0.697,4.025,4.088,2.175,0.782,0.196,0.968,0.947,0.528,0.163,0.05,0.17,0.162,0.09,0.033,0.005
México,Croácia,41.493,29.875,28.632,12.932,11.485,5.317,1.605,0.399,14.759,13.016,5.881,1.861,0.414,8.546,7.478,3.49,1.052,0.253,3.307,2.992,1.341,0.405,0.105,0.982,0.838,0.402,0.123,0.032
México,Gana,58.53,27.326,14.144,14.622,7.731,1.998,0.401,0.05,20.28,10.485,2.859,0.534,0.083,14.197,7.378,2.045,0.382,0.055,6.795,3.36,0.948,0.168,0.023,2.357,1.274,0.335,0.059,0.006
México,Panamá,61.486,25.077,13.437,12.146,6.743,1.988,0.397,0.048,18.404,10.375,2.941,0.607,0.094,14.301,8.147,2.3,0.498,0.06,7.484,4.227,1.179,0.239,0.029,3.009,1.73,0.513,0.104,0.017
África do Sul,Coreia do Sul,29.48,28.58,41.94,11.226,13.263,8.19,3.559,1.052,10.704,12.902,8.14,3.325,1.117,5.322,6.445,3.891,1.637,0.531,1.737,2.096,1.283,0.516,0.153,0.464,0.55,0.331,0.149,0.044
Coreia do Sul,Tchéquia,46.32,24.517,29.163,5.924,7.276,4.332,1.862,0.604,9.488,11.594,6.932,2.863,0.917,7.554,9.113,5.548,2.312,0.71,4.108,4.885,3.028,1.276,0.423,1.694,2.065,1.273,0.521,0.164
Coreia do Sul,Canadá,25.096,26.095,48.809,8.617,12.283,9.23,4.764,1.822,8.369,12.15,9.029,4.575,1.711,3.994,5.884,4.455,2.27,0.825,1.468,2.012,1.485,0.786,0.317,0.355,0.533,0.388,0.218,0.076
Coreia do Sul,Suíça,19.045,21.936,59.019,5.762,10.458,9.811,6.465,3.199,5.481,10.147,9.746,6.231,3.064,2.739,4.923,4.838,3.018,1.547,0.968,1.646,1.572,1.044,0.508,0.225,0.452,0.375,0.258,0.131
Coreia do Sul,Catar,66.614,18.96,14.426,4.573,4.05,1.848,0.582,0.147,9.59,8.79,4.0,1.255,0.32,10.597,9.477,4.391,1.343,0.295,7.835,7.04,3.388,1.046,0.261,4.315,3.954,1.857,0.566,0.151
Coreia do Sul,Bósnia e Herzegovina,47.449,24.899,27.652,6.882,7.51,4.416,1.706,0.513,10.544,11.723,6.567,2.573,0.736,8.204,9.134,5.113,1.965,0.619,4.413,4.792,2.663,1.033,0.338,1.743,2.001,1.109,0.433,0.131
Coreia do Sul,Brasil,9.641,16.844,73.515,5.61,12.245,13.521,10.315,5.873,3.742,7.832,8.922,6.639,3.788,1.258,2.71,2.87,2.248,1.275,0.264,0.582,0.657,0.47,0.292,0.051,0.11,0.125,0.084,0.058
Coreia do Sul,Marrocos,12.54,23.047,64.413,10.276,16.832,14.608,8.381,3.634,6.005,9.977,8.45,4.834,2.245,1.774,2.899,2.485,1.352,0.624,0.355,0.651,0.539,0.293,0.136,0.053,0.091,0.085,0.043,0.015
Coreia do Sul,Escócia,32.622,27.761,39.617,9.552,11.505,7.331,3.248,1.02,10.315,12.979,7.996,3.47,1.138,5.793,7.064,4.402,1.898,0.632,2.089,2.744,1.775,0.756,0.23,0.636,0.834,0.479,0.209,0.067
Coreia do Sul,Haiti,60.083,21.703,18.214,5.797,5.376,2.606,0.847,0.188,10.857,10.299,4.887,1.531,0.403,10.272,9.692,4.48,1.435,0.384,6.646,6.124,2.97,0.993,0.234,3.317,3.124,1.435,0.489,0.115
Coreia do Sul,EUA,25.796,22.966,51.238,5.036,8.761,7.815,4.91,2.25,6.085,10.371,9.412,5.657,2.701,3.528,6.429,5.944,3.529,1.569,1.515,2.539,2.371,1.397,0.685,0.479,0.832,0.681,0.456,0.196
Coreia do Sul,Austrália,22.439,28.299,49.262,12.294,15.712,10.599,4.805,1.595,9.548,12.373,8.226,3.616,1.299,3.839,4.915,3.233,1.409,0.544,1.01,1.341,0.881,0.376,0.135,0.206,0.249,0.198,0.09,0.022
Coreia do Sul,Paraguai,28.36,29.921,41.719,13.137,14.626,8.5,3.419,1.038,11.565,12.929,7.544,2.998,0.964,5.251,5.797,3.443,1.309,0.412,1.606,1.706,1.016,0.394,0.131,0.374,0.438,0.253,0.092,0.018
Coreia do Sul,Turquia,31.183,24.555,44.262,5.864,9.272,7.214,3.732,1.476,7.63,11.485,8.917,4.674,1.892,4.747,7.195,5.713,2.971,1.189,2.102,3.141,2.424,1.318,0.518,0.685,1.036,0.742,0.411,0.167
Coreia do Sul,Alemanha,11.899,15.281,72.82,2.57,6.659,9.032,7.882,5.301,2.561,6.723,8.684,7.888,5.389,1.318,3.343,4.361,3.911,2.666,0.43,1.174,1.537,1.363,0.896,0.129,0.3,0.381,0.341,0.22
Coreia do Sul,Equador,19.7,33.149,47.151,19.389,20.258,10.927,4.076,1.199,10.989,11.731,6.215,2.299,0.665,3.228,3.404,1.895,0.684,0.185,0.664,0.704,0.368,0.128,0.04,0.108,0.102,0.068,0.023,0.004
Coreia do Sul,Costa do Marfim,32.648,29.839,37.513,12.727,13.646,7.387,2.764,0.747,12.424,13.1,7.206,2.607,0.785,6.206,6.575,3.496,1.289,0.385,2.156,2.186,1.188,0.469,0.101,0.488,0.584,0.29,0.101,0.042
Coreia do Sul,Curaçao,67.039,19.714,13.247,5.973,4.665,1.788,0.502,0.082,11.974,9.231,3.564,0.969,0.193,12.171,9.387,3.718,1.008,0.184,8.481,6.463,2.449,0.725,0.143,4.506,3.478,1.406,0.365,0.063
Coreia do Sul,Holanda,11.619,16.508,71.873,3.847,9.165,10.845,8.84,5.502,3.33,7.57,9.065,7.336,4.679,1.373,3.381,3.98,3.287,1.996,0.429,0.928,1.173,0.949,0.557,0.091,0.249,0.269,0.209,0.152
Coreia do Sul,Japão,13.935,19.68,66.385,5.619,11.399,11.754,8.084,4.341,4.507,9.217,9.475,6.613,3.486,1.877,3.874,3.936,2.755,1.477,0.531,1.052,1.089,0.803,0.431,0.14,0.242,0.274,0.185,0.098
Coreia do Sul,Tunísia,51.218,25.354,23.428,8.324,7.783,3.768,1.246,0.318,12.779,11.807,5.635,1.868,0.481,9.875,9.201,4.365,1.456,0.365,5.108,4.758,2.321,0.778,0.169,1.949,1.821,0.852,0.328,0.07
Coreia do Sul,Suécia,30.785,21.679,47.536,3.224,6.103,5.767,3.714,1.968,4.773,9.142,8.788,5.694,2.788,3.716,6.877,6.536,4.399,2.078,1.907,3.641,3.405,2.299,1.143,0.742,1.404,1.369,0.847,0.413
Coreia do Sul,Bélgica,15.452,22.414,62.134,7.776,13.934,12.271,7.593,3.546,5.783,10.479,9.317,5.571,2.614,2.266,3.949,3.53,2.137,1.014,0.629,1.104,0.95,0.561,0.237,0.109,0.243,0.176,0.12,0.063
Coreia do Sul,Egito,31.692,28.714,39.594,11.069,12.707,7.798,3.07,0.927,11.162,12.983,7.674,3.09,1.044,5.726,6.604,4.011,1.677,0.507,2.122,2.432,1.426,0.593,0.182,0.544,0.636,0.404,0.147,0.054
Coreia do Sul,Irã,36.943,27.359,35.698,9.255,10.878,6.292,2.56,0.802,10.903,12.694,7.469,3.161,0.955,6.68,7.939,4.574,1.833,0.606,2.74,3.168,1.823,0.761,0.244,0.862,1.048,0.59,0.247,0.069
Coreia do Sul,Nova Zelândia,59.991,20.224,19.785,4.058,4.516,2.51,0.908,0.292,8.289,9.125,5.167,2.01,0.577,8.706,9.596,5.321,2.006,0.664,6.099,6.812,3.752,1.466,0.439,3.391,3.641,2.022,0.84,0.224
Coreia do Sul,Espanha,5.732,13.072,81.196,4.678,11.623,14.502,12.411,8.013,2.477,5.927,7.818,6.582,4.474,0.635,1.641,2.085,1.787,1.205,0.12,0.323,0.367,0.347,0.227,0.024,0.036,0.047,0.042,0.031
Coreia do Sul,Uruguai,19.894,26.591,53.515,10.974,15.546,11.556,5.55,2.186,8.364,11.952,8.528,4.261,1.544,3.172,4.624,3.207,1.648,0.622,0.844,1.186,0.908,0.424,0.151,0.175,0.233,0.155,0.092,0.034
Coreia do Sul,Arábia Saudita,45.191,29.315,25.494,12.71,10.49,4.497,1.306,0.327,15.064,12.803,5.379,1.613,0.359,9.593,7.835,3.399,1.002,0.193,4.051,3.334,1.397,0.378,0.113,1.254,1.1,0.485,0.131,0.023
Coreia do Sul,Cabo Verde,43.135,29.559,27.306,12.837,11.117,4.952,1.436,0.327,14.839,12.889,5.701,1.727,0.42,8.962,7.625,3.372,1.055,0.247,3.679,3.065,1.463,0.436,0.095,1.083,1.023,0.436,0.133,0.024
Coreia do Sul,França,7.247,14.53,78.223,4.578,10.891,13.303,11.06,7.196,2.703,6.692,8.175,6.861,4.576,0.861,2.186,2.729,2.219,1.432,0.18,0.458,0.547,0.477,0.339,0.027,0.066,0.073,0.082,0.05
Coreia do Sul,Senegal,21.889,23.35,54.761,6.505,11.018,9.657,5.604,2.576,6.408,10.966,9.432,5.619,2.534,3.28,5.521,4.79,2.911,1.285,1.087,1.943,1.694,0.974,0.435,0.27,0.531,0.489,0.261,0.101
Coreia do Sul,Noruega,17.977,18.029,63.994,2.513,5.99,7.167,6.017,3.772,3.079,7.402,8.897,7.505,4.609,1.904,4.599,5.68,4.58,2.879,0.776,1.94,2.382,1.969,1.255,0.257,0.633,0.798,0.656,0.405
Coreia do Sul,Iraque,55.385,24.153,20.462,7.695,6.889,3.216,0.985,0.224,12.582,11.282,5.099,1.583,0.386,10.386,9.472,4.354,1.337,0.306,5.972,5.28,2.387,0.741,0.172,2.589,2.272,1.065,0.344,0.073
Coreia do Sul,Argentina,5.528,13.896,80.576,5.738,13.338,16.098,13.171,7.837,2.647,6.127,7.447,5.966,3.587,0.619,1.498,1.788,1.397,0.905,0.093,0.234,0.318,0.229,0.122,0.018,0.022,0.035,0.035,0.014
Coreia do Sul,Áustria,23.174,23.366,53.46,6.135,10.512,9.092,5.375,2.465,6.341,10.845,9.371,5.713,2.506,3.44,5.843,5.169,2.992,1.29,1.273,2.089,1.879,1.063,0.541,0.298,0.641,0.553,0.316,0.143
Coreia do Sul,Argélia,31.29,24.908,43.802,6.36,9.341,7.233,3.809,1.494,7.831,11.639,8.997,4.609,1.804,4.85,7.322,5.582,2.794,1.091,2.067,3.071,2.382,1.155,0.434,0.637,1.0,0.725,0.39,0.156
Coreia do Sul,Jordânia,45.807,24.114,30.079,5.521,7.155,4.384,2.0,0.593,8.929,11.204,7.06,3.087,1.002,7.383,8.957,5.783,2.494,0.796,4.002,4.913,3.004,1.371,0.455,1.679,2.121,1.328,0.585,0.215
Coreia do Sul,Portugal,9.703,16.813,73.484,5.041,11.088,12.853,9.95,5.84,3.467,7.822,9.082,6.963,4.076,1.218,2.8,3.216,2.538,1.471,0.303,0.686,0.722,0.657,0.372,0.053,0.101,0.139,0.122,0.071
Coreia do Sul,Colômbia,10.795,18.918,70.287,6.733,13.611,13.645,9.523,5.1,4.348,8.763,9.002,6.26,3.281,1.475,2.865,2.925,2.038,1.074,0.33,0.664,0.663,0.455,0.247,0.055,0.122,0.12,0.082,0.041
Coreia do Sul,Uzbequistão,51.142,24.388,24.47,6.985,7.134,3.69,1.381,0.355,11.065,11.485,5.999,2.128,0.635,9.042,9.309,4.842,1.801,0.535,4.975,5.189,2.715,0.946,0.302,2.154,2.215,1.19,0.413,0.123
Coreia do Sul,RD Congo,30.132,31.878,37.99,15.448,15.553,7.833,2.637,0.708,13.289,13.213,6.623,2.28,0.554,5.74,5.561,2.889,1.004,0.265,1.638,1.719,0.864,0.308,0.086,0.379,0.409,0.195,0.066,0.019
Coreia do Sul,Inglaterra,8.9,18.13,72.97,7.074,14.4,15.066,10.634,5.712,3.979,8.225,8.318,5.971,3.229,1.144,2.308,2.471,1.669,0.927,0.237,0.479,0.496,0.326,0.179,0.034,0.069,0.071,0.051,0.03
Coreia do Sul,Croácia,20.252,22.858,56.89,6.548,11.02,9.91,6.036,2.833,6.019,10.485,9.626,5.925,2.694,2.949,5.235,4.706,2.868,1.355,0.969,1.775,1.629,0.967,0.43,0.225,0.481,0.395,0.227,0.142
Coreia do Sul,Gana,38.71,28.504,32.786,10.55,11.247,5.928,2.158,0.613,12.438,13.284,6.992,2.53,0.709,7.333,7.692,4.012,1.476,0.408,3.047,3.086,1.647,0.599,0.161,0.937,0.992,0.499,0.189,0.057
Coreia do Sul,Panamá,41.017,26.884,32.099,8.65,9.735,5.367,2.205,0.623,11.162,12.477,7.22,2.771,0.844,7.545,8.364,4.836,1.834,0.574,3.257,3.742,2.216,0.844,0.249,1.134,1.242,0.742,0.342,0.073
Tchéquia,África do Sul,35.22,27.358,37.422,9.099,11.007,6.701,2.849,0.924,10.5,12.718,7.67,3.365,1.069,6.274,7.466,4.688,1.94,0.663,2.606,3.088,1.921,0.773,0.257,0.808,0.896,0.596,0.232,0.078
África do Sul,Canadá,19.603,26.547,53.85,11.105,16.05,11.239,5.632,2.12,8.372,11.689,8.573,4.323,1.61,3.07,4.501,3.265,1.656,0.613,0.805,1.244,0.848,0.459,0.174,0.169,0.243,0.156,0.076,0.028
África do Sul,Suíça,14.742,21.725,63.533,7.479,13.418,12.536,7.729,3.772,5.602,9.942,9.34,5.847,2.844,2.084,3.837,3.648,2.247,1.011,0.528,1.01,0.949,0.608,0.272,0.093,0.213,0.184,0.111,0.045
África do Sul,Catar,56.382,23.758,19.86,7.558,6.871,2.959,0.914,0.201,12.612,11.185,5.008,1.492,0.354,10.778,9.477,4.168,1.322,0.281,6.061,5.43,2.397,0.758,0.186,2.624,2.367,1.052,0.352,0.084
África do Sul,Bósnia e Herzegovina,38.6,28.268,33.132,10.262,10.886,5.937,2.254,0.56,12.121,13.039,7.203,2.66,0.78,7.22,7.827,4.289,1.607,0.428,3.063,3.139,1.707,0.618,0.196,0.939,1.058,0.533,0.177,0.059
África do Sul,Brasil,7.262,16.885,75.853,7.084,14.841,15.885,11.681,6.53,3.478,7.433,7.868,5.756,3.291,0.882,1.928,2.083,1.444,0.819,0.136,0.312,0.355,0.259,0.144,0.018,0.044,0.055,0.033,0.021
África do Sul,Marrocos,9.897,23.074,67.029,12.28,20.134,16.206,9.139,3.951,5.483,8.942,7.469,4.054,1.647,1.347,2.084,1.705,1.006,0.416,0.214,0.352,0.278,0.137,0.068,0.029,0.036,0.039,0.016,0.01
África do Sul,Escócia,25.752,29.125,45.123,12.664,15.452,9.234,3.974,1.242,10.627,12.62,7.829,3.348,1.033,4.455,5.535,3.403,1.411,0.452,1.319,1.636,0.982,0.406,0.139,0.293,0.38,0.186,0.098,0.032
África do Sul,Haiti,50.023,26.343,23.634,9.326,8.45,3.803,1.209,0.304,13.233,12.138,5.587,1.795,0.412,9.801,9.009,4.177,1.281,0.33,5.041,4.44,2.044,0.633,0.169,1.851,1.662,0.771,0.226,0.064
África do Sul,EUA,20.037,23.366,56.597,6.99,12.065,10.505,6.023,2.789,6.364,11.008,9.426,5.535,2.468,2.996,5.151,4.453,2.728,1.159,0.942,1.59,1.502,0.829,0.378,0.221,0.383,0.355,0.217,0.081
África do Sul,Austrália,17.748,29.427,52.825,15.379,19.29,12.323,5.278,1.85,9.13,11.547,7.328,3.224,1.067,2.848,3.543,2.271,0.97,0.317,0.619,0.772,0.477,0.219,0.072,0.106,0.119,0.068,0.022,0.01
África do Sul,Paraguai,22.488,31.556,45.956,16.599,18.23,10.238,3.862,1.215,11.357,12.418,7.015,2.679,0.751,3.879,4.173,2.324,0.939,0.274,0.934,1.019,0.54,0.2,0.071,0.171,0.207,0.103,0.029,0.014
África do Sul,Turquia,24.633,25.891,49.476,8.646,12.676,9.374,4.74,1.945,8.26,11.937,8.857,4.57,1.794,4.063,5.858,4.459,2.261,0.877,1.325,1.943,1.423,0.768,0.304,0.38,0.465,0.371,0.177,0.075
África do Sul,Alemanha,8.77,14.508,76.722,3.541,8.887,11.243,9.97,6.542,2.655,6.782,8.646,7.739,4.952,1.012,2.624,3.325,2.89,1.926,0.266,0.69,0.889,0.763,0.496,0.054,0.121,0.19,0.15,0.089
África do Sul,Equador,15.605,34.191,50.204,22.789,23.505,12.328,4.373,1.2,10.091,10.164,5.312,1.856,0.527,2.228,2.223,1.159,0.433,0.115,0.352,0.391,0.194,0.073,0.019,0.04,0.046,0.024,0.007,0.006
África do Sul,Costa do Marfim,25.793,32.16,42.047,16.508,17.203,9.095,3.235,0.956,12.371,12.909,6.726,2.423,0.647,4.668,4.748,2.511,0.9,0.274,1.262,1.256,0.688,0.214,0.071,0.233,0.244,0.135,0.053,0.017
África do Sul,Curaçao,57.151,25.134,17.715,9.882,7.19,2.769,0.722,0.129,15.171,11.355,4.376,1.064,0.217,11.971,8.889,3.37,0.857,0.164,6.431,4.796,1.809,0.485,0.097,2.659,1.975,0.775,0.183,0.041
África do Sul,Holanda,8.542,16.14,75.318,5.028,11.484,13.461,10.635,6.389,3.182,7.651,8.856,6.893,4.053,1.095,2.509,2.849,2.304,1.383,0.244,0.53,0.6,0.545,0.303,0.041,0.098,0.108,0.072,0.06
África do Sul,Japão,10.608,19.316,70.076,7.178,14.224,14.255,9.744,5.001,4.47,8.827,8.748,6.003,3.06,1.415,2.767,2.83,1.907,1.012,0.356,0.621,0.624,0.446,0.195,0.05,0.086,0.085,0.068,0.033
África do Sul,Tunísia,41.876,29.268,28.856,12.309,11.285,5.226,1.652,0.391,14.552,12.931,6.011,2.009,0.435,8.285,7.69,3.578,1.074,0.317,3.378,3.106,1.41,0.42,0.13,1.055,0.963,0.448,0.149,0.028
África do Sul,Suécia,23.92,22.352,53.728,4.92,8.893,8.242,5.13,2.471,5.556,10.186,9.429,6.043,2.939,3.254,6.035,5.561,3.477,1.731,1.298,2.455,2.266,1.45,0.7,0.407,0.744,0.714,0.446,0.21
África do Sul,Bélgica,11.987,22.374,65.639,9.874,17.005,14.581,8.745,3.841,5.627,9.691,8.427,4.925,2.199,1.688,2.891,2.495,1.458,0.668,0.317,0.606,0.522,0.287,0.128,0.052,0.104,0.083,0.053,0.025
África do Sul,Egito,25.301,30.459,44.24,14.407,16.484,9.504,3.599,1.102,11.305,12.754,7.416,2.917,0.834,4.44,5.13,2.945,1.214,0.332,1.218,1.409,0.859,0.341,0.084,0.238,0.284,0.186,0.062,0.011
África do Sul,Irã,29.375,29.691,40.934,12.663,14.477,8.389,3.267,0.992,11.566,13.12,7.437,2.919,0.888,5.336,6.097,3.42,1.324,0.396,1.657,1.929,1.162,0.451,0.129,0.4,0.505,0.283,0.102,0.036
África do Sul,Nova Zelândia,49.96,24.443,25.597,6.742,7.232,3.936,1.518,0.422,10.677,11.545,6.156,2.346,0.698,8.824,9.253,4.986,1.884,0.522,4.902,5.078,2.694,1.026,0.276,1.968,2.101,1.202,0.414,0.131
África do Sul,Espanha,4.321,12.913,82.766,5.723,13.791,17.001,13.835,8.803,2.234,5.54,6.903,5.661,3.461,0.44,1.122,1.461,1.135,0.739,0.066,0.175,0.214,0.172,0.09,0.004,0.028,0.019,0.015,0.015
África do Sul,Uruguai,15.67,27.159,57.171,13.735,19.058,13.553,6.33,2.327,8.1,10.898,7.667,3.64,1.35,2.35,3.235,2.303,1.08,0.375,0.46,0.681,0.506,0.21,0.087,0.08,0.099,0.072,0.033,0.013
África do Sul,Arábia Saudita,37.121,32.774,30.105,16.913,13.833,5.886,1.604,0.351,16.122,13.036,5.46,1.518,0.306,7.843,6.192,2.555,0.775,0.165,2.454,1.985,0.852,0.252,0.053,0.629,0.467,0.199,0.055,0.017
África do Sul,Cabo Verde,35.312,32.923,31.765,16.954,14.371,6.198,1.823,0.408,15.634,13.158,5.776,1.585,0.362,7.301,5.967,2.543,0.807,0.181,2.234,1.854,0.809,0.256,0.055,0.523,0.426,0.181,0.057,0.012
África do Sul,França,5.735,13.888,80.377,5.622,13.198,15.614,12.709,7.962,2.643,6.102,7.616,5.991,3.799,0.642,1.603,1.886,1.447,0.921,0.084,0.303,0.314,0.253,0.15,0.022,0.032,0.038,0.04,0.025
África do Sul,Senegal,16.926,23.852,59.222,8.584,13.956,12.053,6.947,2.94,6.511,10.977,9.159,5.382,2.242,2.568,4.232,3.706,2.137,0.915,0.687,1.111,0.982,0.525,0.227,0.119,0.219,0.209,0.126,0.055
África do Sul,Noruega,13.561,17.31,69.129,3.646,8.387,9.812,7.946,4.756,3.406,7.79,9.29,7.608,4.638,1.669,3.826,4.449,3.658,2.099,0.528,1.175,1.517,1.223,0.736,0.131,0.298,0.355,0.293,0.176
África do Sul,Iraque,46.105,28.121,25.774,11.644,10.06,4.506,1.37,0.313,14.699,12.432,5.746,1.673,0.407,9.465,8.143,3.536,1.103,0.243,4.195,3.527,1.608,0.479,0.1,1.403,1.235,0.52,0.175,0.028
África do Sul,Argentina,4.274,13.593,82.133,6.839,15.617,18.013,14.224,8.558,2.393,5.507,6.39,5.093,3.003,0.469,1.051,1.14,0.903,0.564,0.052,0.107,0.157,0.103,0.068,0.005,0.01,0.011,0.014,0.004
África do Sul,Áustria,17.992,23.67,58.338,8.134,13.663,11.51,6.614,2.981,6.645,11.113,9.151,5.303,2.392,2.73,4.545,3.78,2.225,0.946,0.782,1.235,1.076,0.584,0.264,0.164,0.261,0.226,0.142,0.055
África do Sul,Argélia,24.545,25.917,49.538,8.72,12.931,9.662,4.803,1.83,8.294,12.148,9.058,4.341,1.668,4.015,5.83,4.315,2.211,0.847,1.343,1.95,1.391,0.658,0.285,0.324,0.493,0.374,0.177,0.071
África do Sul,Jordânia,37.062,26.886,36.052,8.258,10.268,6.323,2.678,0.839,10.346,12.635,7.737,3.185,1.015,6.532,7.929,4.951,2.059,0.649,2.742,3.399,2.105,0.95,0.302,0.931,1.114,0.634,0.291,0.086
África do Sul,Portugal,7.61,16.09,76.3,6.249,13.758,15.17,11.656,6.712,3.453,7.294,8.048,6.187,3.487,0.909,2.063,2.216,1.712,0.966,0.161,0.389,0.419,0.308,0.171,0.023,0.067,0.061,0.039,0.023
África do Sul,Colômbia,8.476,18.699,72.825,8.262,16.166,15.881,11.036,5.644,4.152,8.096,7.892,5.414,2.766,1.099,2.115,2.051,1.367,0.725,0.188,0.38,0.369,0.271,0.122,0.021,0.041,0.062,0.031,0.017
África do Sul,Uzbequistão,41.783,28.105,30.112,10.423,10.409,5.2,1.868,0.485,12.971,12.976,6.661,2.359,0.601,8.04,8.073,4.05,1.484,0.389,3.372,3.515,1.675,0.594,0.168,1.135,1.12,0.596,0.207,0.059
África do Sul,RD Congo,23.705,33.973,42.322,19.423,19.026,9.39,3.216,0.825,12.561,12.294,6.0,2.05,0.509,4.206,3.981,2.085,0.687,0.192,0.997,0.965,0.464,0.166,0.039,0.185,0.161,0.095,0.025,0.005
África do Sul,Inglaterra,6.864,17.815,75.321,8.509,17.093,17.3,11.838,6.165,3.69,7.429,7.36,5.085,2.587,0.817,1.635,1.685,1.177,0.594,0.135,0.23,0.274,0.179,0.075,0.008,0.027,0.026,0.018,0.013
África do Sul,Croácia,15.762,22.884,61.354,8.238,14.306,12.479,7.342,3.441,6.218,10.694,9.077,5.4,2.442,2.296,3.93,3.419,1.931,0.907,0.617,1.047,0.955,0.488,0.247,0.11,0.189,0.158,0.111,0.042
África do Sul,Gana,31.504,31.133,37.363,14.484,14.486,7.632,2.699,0.729,13.059,13.175,6.794,2.397,0.683,6.047,6.115,3.091,1.099,0.287,1.909,1.878,0.938,0.352,0.101,0.441,0.467,0.262,0.098,0.029
África do Sul,Panamá,33.084,29.546,37.37,12.051,13.071,7.458,2.721,0.794,12.075,13.148,7.242,2.715,0.783,6.248,6.784,3.813,1.41,0.418,2.177,2.26,1.343,0.504,0.129,0.566,0.652,0.379,0.15,0.029
Tchéquia,Canadá,18.564,21.771,59.665,5.855,11.099,10.236,6.607,3.166,5.441,10.258,9.716,6.151,3.061,2.722,4.879,4.62,2.967,1.432,0.882,1.546,1.519,0.92,0.461,0.231,0.378,0.378,0.253,0.106
Tchéquia,Suíça,13.188,16.948,69.864,3.491,8.382,10.057,7.987,5.062,3.286,7.785,9.209,7.447,4.774,1.602,3.788,4.379,3.492,2.201,0.529,1.209,1.434,1.116,0.724,0.114,0.277,0.342,0.28,0.156
Tchéquia,Catar,59.315,20.147,20.538,3.634,4.337,2.572,1.021,0.313,7.844,9.018,5.336,2.095,0.65,8.26,9.644,5.652,2.2,0.699,6.02,6.752,3.876,1.574,0.523,3.323,3.623,2.157,0.871,0.241
Tchéquia,Bósnia e Herzegovina,39.34,24.46,36.2,5.452,7.662,5.355,2.569,0.975,7.872,11.223,8.015,3.903,1.511,6.014,8.412,6.051,2.869,1.076,3.078,4.176,2.983,1.489,0.547,1.227,1.7,1.213,0.539,0.225
Tchéquia,Brasil,5.924,11.618,82.458,3.319,8.92,12.219,11.56,8.417,2.089,5.381,7.799,7.454,5.184,0.661,1.79,2.331,2.313,1.581,0.141,0.376,0.522,0.506,0.375,0.023,0.07,0.096,0.107,0.074
Tchéquia,Marrocos,8.56,17.449,73.991,6.81,13.995,14.982,10.811,5.918,3.76,7.876,8.479,6.162,3.401,1.105,2.293,2.405,1.809,0.968,0.217,0.426,0.489,0.329,0.196,0.034,0.072,0.07,0.061,0.027
Tchéquia,Escócia,25.836,24.457,49.707,6.998,11.121,8.603,4.868,1.951,7.584,11.461,9.319,4.85,2.1,4.045,6.32,4.94,2.719,1.149,1.454,2.398,1.735,0.948,0.413,0.399,0.602,0.503,0.263,0.104
Tchéquia,Haiti,53.147,22.269,24.584,4.955,5.668,3.364,1.363,0.48,8.784,10.081,6.124,2.498,0.841,8.082,9.478,5.649,2.261,0.703,5.071,6.052,3.501,1.371,0.44,2.453,2.797,1.732,0.686,0.193
Tchéquia,EUA,18.547,19.172,62.281,3.267,7.29,8.184,6.195,3.569,3.609,8.376,9.426,7.18,4.058,2.246,4.85,5.5,4.113,2.465,0.862,1.983,2.159,1.713,0.975,0.281,0.594,0.664,0.555,0.277
Tchéquia,Austrália,17.121,24.078,58.801,9.156,14.618,12.205,6.86,2.83,6.776,10.9,9.039,5.013,2.219,2.565,4.249,3.489,1.973,0.812,0.709,1.094,0.922,0.487,0.198,0.145,0.231,0.186,0.104,0.041
Tchéquia,Paraguai,22.555,26.257,51.188,10.079,14.362,10.37,5.181,1.952,8.578,11.911,8.659,4.385,1.622,3.712,5.23,3.656,1.835,0.719,1.154,1.566,1.134,0.562,0.186,0.232,0.362,0.236,0.122,0.045
Tchéquia,Turquia,23.844,21.942,54.214,4.253,7.874,7.89,5.268,2.579,5.114,9.879,9.425,6.148,3.171,3.028,6.004,5.875,3.819,1.888,1.339,2.527,2.46,1.657,0.827,0.385,0.813,0.758,0.519,0.248
Tchéquia,Alemanha,6.903,10.312,82.785,1.333,4.268,7.16,8.208,6.946,1.225,4.119,6.745,7.858,6.627,0.622,2.0,3.333,3.819,3.256,0.2,0.676,1.062,1.22,1.037,0.053,0.18,0.281,0.312,0.262
Tchéquia,Equador,15.36,27.84,56.8,14.912,19.695,13.555,6.244,2.252,8.193,10.748,7.459,3.424,1.244,2.309,3.038,1.993,0.96,0.383,0.455,0.65,0.432,0.179,0.076,0.065,0.081,0.091,0.018,0.008
Tchéquia,Costa do Marfim,25.98,26.952,47.068,9.83,13.48,9.328,4.364,1.506,9.285,12.466,8.519,4.069,1.465,4.314,6.02,4.013,1.913,0.672,1.419,1.971,1.244,0.573,0.225,0.367,0.517,0.358,0.158,0.067
Tchéquia,Curaçao,60.396,21.346,18.258,5.427,5.171,2.491,0.901,0.205,10.125,9.948,4.827,1.581,0.416,10.009,9.665,4.729,1.587,0.436,6.625,6.393,3.133,1.113,0.278,3.39,3.282,1.668,0.514,0.119
Tchéquia,Holanda,6.811,11.571,81.618,2.159,6.301,9.44,9.674,7.261,1.621,5.083,7.771,8.024,6.034,0.746,2.103,3.206,3.268,2.479,0.17,0.583,0.881,0.941,0.704,0.032,0.143,0.209,0.18,0.16
Tchéquia,Japão,9.127,14.301,76.572,3.35,8.47,11.179,9.821,6.668,2.655,6.615,8.581,7.526,5.135,1.042,2.689,3.386,3.132,2.031,0.317,0.778,0.942,0.836,0.534,0.049,0.149,0.198,0.172,0.1
Tchéquia,Tunísia,43.681,25.162,31.157,6.717,8.16,5.057,2.01,0.645,9.96,11.957,7.268,2.927,0.953,7.486,8.685,5.285,2.186,0.645,3.804,4.456,2.645,1.055,0.353,1.491,1.735,1.038,0.429,0.139
Tchéquia,Suécia,22.364,18.54,59.096,2.074,4.813,5.841,4.819,2.996,2.986,7.008,8.546,6.847,4.254,2.104,5.19,6.123,5.073,3.249,1.079,2.579,3.057,2.603,1.602,0.408,0.986,1.205,0.936,0.628
Tchéquia,Bélgica,10.531,17.245,72.224,4.975,10.967,12.529,9.784,5.541,3.585,8.244,9.11,7.101,3.97,1.355,3.103,3.291,2.574,1.514,0.301,0.737,0.848,0.657,0.342,0.062,0.158,0.181,0.123,0.076
Tchéquia,Egito,25.012,25.794,49.194,8.257,12.287,9.347,4.742,1.873,8.248,12.139,8.936,4.605,1.8,3.946,5.986,4.537,2.334,0.843,1.413,2.005,1.504,0.781,0.305,0.358,0.508,0.4,0.212,0.076
Tchéquia,Irã,29.751,25.456,44.793,7.321,10.381,7.879,3.967,1.499,8.298,11.815,8.813,4.49,1.766,4.84,6.83,5.139,2.523,1.016,1.894,2.689,2.034,1.062,0.406,0.542,0.91,0.624,0.322,0.112
Tchéquia,Nova Zelândia,51.771,21.122,27.107,3.28,4.452,3.28,1.587,0.58,6.503,8.948,6.263,3.125,1.126,6.479,8.875,6.249,3.129,1.116,4.379,6.103,4.257,2.144,0.741,2.342,3.207,2.275,1.109,0.455
Tchéquia,Espanha,3.255,8.217,88.528,2.463,7.767,12.145,13.084,10.352,1.255,3.827,6.099,6.56,5.403,0.338,0.984,1.584,1.723,1.351,0.05,0.21,0.292,0.312,0.239,0.009,0.014,0.033,0.048,0.03
Tchéquia,Uruguai,14.57,21.708,63.722,7.878,13.737,12.685,8.062,3.792,5.596,9.959,9.105,5.796,2.726,2.192,3.745,3.281,2.097,1.051,0.571,0.964,0.837,0.527,0.233,0.108,0.175,0.159,0.112,0.056
Tchéquia,Arábia Saudita,38.862,28.448,32.69,10.585,10.908,6.021,2.193,0.616,12.343,12.937,7.029,2.508,0.723,7.404,7.861,4.243,1.489,0.425,2.939,3.146,1.656,0.605,0.158,0.95,0.993,0.531,0.202,0.074
Tchéquia,Cabo Verde,36.455,28.582,34.963,10.474,11.504,6.563,2.48,0.727,11.831,13.168,7.159,2.795,0.828,6.801,7.352,4.248,1.569,0.498,2.795,2.908,1.627,0.63,0.184,0.769,0.915,0.532,0.194,0.06
Tchéquia,França,4.049,9.234,86.717,2.388,7.2,11.358,11.817,9.616,1.376,4.318,6.748,7.133,5.76,0.387,1.308,2.012,2.224,1.723,0.08,0.252,0.434,0.452,0.369,0.018,0.038,0.066,0.055,0.06
Tchéquia,Senegal,15.562,18.712,65.726,4.269,9.04,9.888,7.393,4.336,4.091,8.512,9.553,7.244,3.968,1.947,4.25,4.625,3.535,1.911,0.699,1.366,1.562,1.133,0.666,0.187,0.356,0.415,0.323,0.154
Tchéquia,Noruega,11.57,13.332,75.098,1.391,3.963,6.388,6.578,5.135,1.676,4.894,7.483,7.738,6.197,0.96,2.952,4.504,4.798,3.66,0.397,1.289,1.85,1.969,1.503,0.13,0.36,0.599,0.624,0.492
Tchéquia,Iraque,48.467,24.193,27.34,6.314,7.204,4.211,1.566,0.528,10.0,11.437,6.61,2.583,0.78,8.317,9.345,5.198,2.056,0.644,4.503,5.122,2.884,1.114,0.38,1.912,2.059,1.137,0.52,0.115
Tchéquia,Argentina,3.043,8.833,88.124,3.153,9.213,13.727,14.084,10.801,1.37,4.044,6.119,6.094,4.7,0.279,0.903,1.365,1.397,1.085,0.053,0.152,0.21,0.252,0.2,0.006,0.023,0.015,0.022,0.018
Tchéquia,Áustria,16.419,19.376,64.205,4.005,8.382,9.662,7.111,3.887,3.972,8.993,9.554,7.106,3.956,2.108,4.565,4.909,3.688,2.069,0.768,1.506,1.71,1.25,0.696,0.188,0.409,0.453,0.327,0.202
Tchéquia,Argélia,23.458,22.224,54.318,4.526,8.343,7.979,5.333,2.677,5.199,10.097,9.504,6.158,3.029,3.098,5.932,5.807,3.678,1.747,1.262,2.447,2.366,1.535,0.799,0.405,0.713,0.664,0.505,0.236
Tchéquia,Jordânia,37.682,23.231,39.087,4.334,6.758,5.41,2.897,1.169,6.584,10.155,8.266,4.555,1.873,5.171,8.064,6.591,3.418,1.4,2.745,4.2,3.483,1.815,0.778,1.135,1.714,1.387,0.775,0.301
Tchéquia,Portugal,6.004,11.434,82.562,2.782,7.908,11.452,11.297,8.286,1.925,5.373,7.53,7.369,5.433,0.631,1.837,2.599,2.642,1.948,0.137,0.422,0.654,0.592,0.434,0.025,0.064,0.122,0.117,0.081
Tchéquia,Colômbia,6.712,13.601,79.687,4.069,10.238,12.967,11.46,7.543,2.49,6.381,8.242,7.031,4.77,0.782,1.901,2.599,2.333,1.489,0.181,0.475,0.562,0.491,0.29,0.028,0.082,0.083,0.075,0.057
Tchéquia,Uzbequistão,43.27,24.47,32.26,5.618,7.323,4.749,2.227,0.734,8.519,11.269,7.372,3.388,1.168,6.761,9.036,6.022,2.618,0.892,3.555,4.641,3.083,1.352,0.486,1.514,1.895,1.292,0.562,0.185
Tchéquia,RD Congo,24.145,28.843,47.012,12.321,15.329,9.943,4.388,1.419,9.861,12.646,8.108,3.424,1.202,4.225,5.319,3.441,1.396,0.491,1.198,1.439,1.032,0.408,0.137,0.24,0.324,0.22,0.091,0.027
Tchéquia,Inglaterra,5.42,12.597,81.983,4.158,10.804,14.062,12.636,8.494,2.241,5.895,7.491,6.598,4.531,0.584,1.582,2.119,1.769,1.354,0.106,0.306,0.402,0.39,0.249,0.015,0.038,0.056,0.054,0.031
Tchéquia,Croácia,14.193,18.288,67.519,4.182,8.933,10.128,7.951,4.65,3.757,8.35,9.519,7.267,4.081,1.81,3.965,4.503,3.497,1.987,0.603,1.255,1.426,1.076,0.626,0.14,0.324,0.361,0.242,0.16
Tchéquia,Gana,32.103,26.286,41.611,8.347,11.191,7.327,3.469,1.226,9.52,12.278,8.501,3.872,1.347,5.403,7.277,4.741,2.242,0.76,2.153,2.851,1.927,0.829,0.303,0.606,0.809,0.546,0.248,0.087
Tchéquia,Panamá,33.473,25.449,41.078,6.774,9.516,6.833,3.326,1.277,8.385,11.847,8.491,4.085,1.553,5.382,7.548,5.549,2.641,1.003,2.374,3.251,2.345,1.119,0.477,0.81,1.074,0.782,0.372,0.147
Canadá,Suíça,29.488,25.385,45.127,7.145,10.689,7.809,3.978,1.552,8.195,11.848,8.745,4.52,1.729,4.638,6.901,5.237,2.676,1.006,1.951,2.746,2.094,1.033,0.422,0.548,0.812,0.567,0.3,0.113
Canadá,Catar,77.722,14.224,8.054,3.683,2.628,0.896,0.231,0.045,9.341,6.725,2.4,0.594,0.116,12.131,8.69,3.111,0.78,0.13,10.46,7.377,2.713,0.619,0.138,6.899,5.009,1.754,0.461,0.081
Canadá,Bósnia e Herzegovina,60.043,22.338,17.619,6.679,5.817,2.61,0.784,0.17,12.039,10.609,4.617,1.293,0.326,11.201,9.556,4.185,1.315,0.282,6.963,5.852,2.596,0.767,0.173,3.21,2.841,1.225,0.374,0.093
Canadá,Brasil,16.132,23.075,60.793,8.151,13.91,12.286,7.192,3.303,6.152,10.595,9.162,5.482,2.457,2.412,4.001,3.665,2.215,0.972,0.662,1.076,1.022,0.604,0.256,0.138,0.238,0.179,0.114,0.055
Canadá,Marrocos,19.738,28.256,52.006,13.187,17.495,11.698,5.165,1.741,9.104,11.979,7.844,3.623,1.242,3.249,4.255,2.791,1.307,0.437,0.808,1.044,0.702,0.285,0.113,0.135,0.17,0.123,0.061,0.014
Canadá,Escócia,44.114,27.802,28.084,10.283,9.767,4.936,1.668,0.433,13.092,12.701,6.333,2.092,0.548,8.645,8.333,4.121,1.393,0.357,3.903,3.627,1.79,0.632,0.149,1.306,1.306,0.645,0.192,0.061
Canadá,Haiti,72.08,17.332,10.588,5.173,3.677,1.374,0.352,0.066,11.322,8.003,2.996,0.756,0.146,12.482,9.252,3.421,0.828,0.172,9.677,6.957,2.523,0.646,0.123,5.596,3.983,1.467,0.347,0.082
Canadá,EUA,38.06,24.913,37.027,5.848,8.197,5.747,2.665,0.943,8.319,11.717,8.236,3.938,1.411,5.894,8.39,5.789,2.787,1.029,2.953,4.041,2.763,1.362,0.482,1.034,1.472,1.032,0.527,0.181
Canadá,Austrália,32.123,30.766,37.111,14.194,14.574,7.411,2.52,0.721,13.103,13.062,6.851,2.405,0.672,6.199,6.107,3.108,1.096,0.301,2.076,1.966,1.015,0.378,0.091,0.483,0.474,0.271,0.09,0.024
Canadá,Paraguai,38.433,31.133,30.434,14.476,12.589,5.725,1.747,0.433,15.088,13.067,6.083,1.85,0.425,7.787,6.697,3.221,0.973,0.251,2.779,2.528,1.101,0.344,0.073,0.818,0.688,0.312,0.111,0.025
Canadá,Turquia,44.027,25.04,30.933,6.734,8.053,4.851,2.043,0.643,9.828,11.759,7.253,3.014,0.956,7.502,8.941,5.298,2.191,0.701,3.763,4.48,2.664,1.112,0.359,1.464,1.735,1.091,0.413,0.123
Canadá,Alemanha,21.177,20.706,58.117,3.966,7.824,8.086,5.707,3.007,4.538,9.258,9.567,6.553,3.657,2.625,5.44,5.69,4.044,2.146,1.029,2.211,2.243,1.508,0.851,0.349,0.761,0.68,0.511,0.253
Canadá,Equador,27.328,36.305,36.367,21.999,18.223,7.633,2.243,0.488,14.857,12.424,5.105,1.487,0.334,5.037,4.222,1.745,0.503,0.115,1.184,1.013,0.431,0.131,0.025,0.225,0.183,0.073,0.023,0.006
Canadá,Costa do Marfim,42.912,30.181,26.907,13.689,11.472,4.846,1.439,0.317,15.475,12.788,5.448,1.581,0.362,8.892,7.557,3.311,0.928,0.226,3.567,2.898,1.301,0.367,0.094,1.093,0.896,0.341,0.111,0.024
Canadá,Curaçao,77.567,15.191,7.242,5.115,2.831,0.886,0.185,0.037,11.562,7.027,2.079,0.448,0.059,13.93,8.427,2.577,0.528,0.069,11.522,6.604,2.066,0.416,0.076,7.121,4.192,1.255,0.278,0.051
Canadá,Holanda,19.968,21.99,58.042,5.595,10.392,9.788,6.191,2.914,5.548,10.316,9.697,6.115,3.024,2.841,5.247,4.887,3.202,1.533,0.971,1.794,1.71,1.058,0.486,0.28,0.47,0.419,0.284,0.125
Canadá,Japão,22.978,24.46,52.562,7.525,12.215,9.637,5.325,2.25,7.373,11.527,9.251,5.148,2.158,3.546,5.656,4.497,2.5,0.999,1.181,1.937,1.55,0.824,0.342,0.319,0.486,0.386,0.198,0.083
Canadá,Tunísia,63.112,22.05,14.838,7.919,5.816,2.083,0.557,0.141,14.088,10.041,3.867,0.952,0.174,12.736,9.153,3.464,0.887,0.16,7.515,5.656,2.123,0.582,0.099,3.655,2.673,1.027,0.268,0.042
Canadá,Suécia,45.013,22.561,32.426,3.799,5.481,4.097,2.159,0.8,6.607,9.646,7.183,3.746,1.39,5.87,8.677,6.644,3.347,1.325,3.655,5.353,3.943,2.066,0.831,1.623,2.499,1.821,0.949,0.361
Canadá,Bélgica,24.095,26.771,49.134,10.237,14.008,9.937,4.731,1.664,8.987,12.235,8.774,4.181,1.474,4.086,5.608,3.696,1.803,0.677,1.26,1.677,1.146,0.548,0.223,0.266,0.386,0.277,0.139,0.05
Canadá,Egito,43.178,29.024,27.798,11.733,10.824,4.871,1.554,0.412,14.335,13.14,5.95,1.951,0.436,8.65,8.087,3.612,1.129,0.256,3.587,3.235,1.501,0.501,0.125,1.166,1.042,0.487,0.168,0.037
Canadá,Irã,48.737,26.941,24.322,9.862,8.855,4.001,1.268,0.3,13.646,12.279,5.649,1.814,0.428,9.758,8.74,4.14,1.291,0.297,4.559,4.254,1.922,0.598,0.143,1.627,1.58,0.7,0.225,0.06
Canadá,Nova Zelândia,72.648,16.116,11.236,3.444,3.079,1.341,0.392,0.089,8.459,7.515,3.217,0.96,0.222,10.595,8.887,4.032,1.19,0.302,8.923,7.634,3.303,0.957,0.221,5.56,4.722,2.168,0.648,0.151
Canadá,Espanha,10.841,19.531,69.628,7.33,14.564,14.286,9.591,4.911,4.576,8.888,8.881,5.925,2.983,1.454,2.847,2.856,1.776,0.982,0.313,0.62,0.628,0.426,0.222,0.059,0.108,0.111,0.065,0.03
Canadá,Uruguai,28.86,30.208,40.932,13.251,14.692,8.363,3.211,0.982,11.785,13.195,7.448,2.842,0.865,5.234,5.849,3.323,1.27,0.417,1.614,1.836,1.071,0.411,0.113,0.394,0.436,0.258,0.091,0.025
Canadá,Arábia Saudita,56.594,26.464,16.942,11.945,7.929,2.61,0.599,0.114,17.209,11.481,3.777,0.883,0.164,12.888,8.279,2.708,0.612,0.121,6.346,4.066,1.349,0.304,0.058,2.399,1.579,0.508,0.101,0.023
Canadá,Cabo Verde,54.395,27.406,18.199,12.554,8.304,2.917,0.675,0.141,17.17,11.686,4.056,0.991,0.184,12.067,8.275,2.824,0.657,0.117,5.828,3.962,1.367,0.326,0.073,2.137,1.375,0.481,0.125,0.016
Canadá,França,13.293,20.656,66.051,6.993,13.181,12.806,8.414,4.186,4.942,9.467,9.302,6.138,3.087,1.848,3.596,3.519,2.312,1.105,0.467,0.929,0.868,0.613,0.289,0.1,0.172,0.177,0.099,0.061
Canadá,Senegal,32.697,26.465,40.838,7.819,10.64,7.084,3.353,1.15,8.977,12.525,8.406,3.904,1.408,5.527,7.35,5.121,2.332,0.845,2.275,3.081,2.073,0.905,0.307,0.709,0.92,0.638,0.301,0.092
Canadá,Noruega,30.215,21.787,47.998,3.447,6.449,6.168,4.032,1.894,5.024,9.323,8.715,5.662,2.858,3.688,6.923,6.469,4.212,2.051,1.821,3.542,3.228,2.084,1.041,0.732,1.252,1.275,0.805,0.412
Canadá,Iraque,67.091,20.332,12.577,6.965,4.901,1.656,0.43,0.081,13.303,9.505,3.384,0.83,0.151,13.345,9.159,3.287,0.749,0.17,8.633,6.262,2.182,0.526,0.107,4.314,3.004,1.155,0.244,0.047
Canadá,Argentina,9.999,20.338,69.663,8.807,16.56,15.174,9.961,4.744,4.799,8.902,8.383,5.294,2.563,1.379,2.446,2.328,1.459,0.706,0.237,0.448,0.455,0.283,0.135,0.037,0.065,0.066,0.045,0.018
Canadá,Áustria,34.237,26.35,39.413,7.554,9.788,6.734,2.997,1.14,9.063,12.29,8.397,3.908,1.371,5.731,7.63,5.313,2.484,0.813,2.445,3.214,2.188,1.057,0.382,0.792,1.053,0.744,0.326,0.126
Canadá,Argélia,43.773,25.591,30.636,7.218,8.226,4.901,2.081,0.61,10.242,11.96,7.063,2.861,0.9,7.647,8.608,5.245,2.151,0.641,3.776,4.461,2.534,1.043,0.331,1.399,1.675,1.033,0.404,0.121
Canadá,Jordânia,59.484,21.732,18.784,5.538,5.333,2.613,0.882,0.263,10.475,10.175,4.906,1.652,0.463,10.191,9.605,4.839,1.646,0.379,6.549,6.248,3.032,1.033,0.288,3.133,3.039,1.551,0.523,0.139
Canadá,Portugal,16.87,22.732,60.398,7.479,12.769,11.259,7.161,3.343,5.903,10.501,9.418,5.845,2.658,2.487,4.329,3.993,2.433,1.111,0.711,1.294,1.118,0.682,0.349,0.158,0.279,0.231,0.164,0.071
Canadá,Colômbia,17.926,24.563,57.511,9.48,14.729,11.861,6.498,2.602,7.018,10.999,9.008,4.964,2.006,2.755,4.447,3.507,1.926,0.857,0.762,1.182,0.872,0.529,0.243,0.145,0.257,0.218,0.107,0.044
Canadá,Uzbequistão,63.66,21.141,15.199,6.499,5.273,2.142,0.575,0.124,12.304,9.966,4.012,1.122,0.276,11.928,9.448,3.853,1.118,0.243,7.77,6.129,2.497,0.732,0.122,3.869,3.005,1.285,0.316,0.082
Canadá,RD Congo,40.421,32.276,27.303,16.505,12.748,5.075,1.397,0.288,16.674,12.881,5.135,1.353,0.284,8.667,6.622,2.612,0.68,0.15,3.012,2.285,0.913,0.264,0.042,0.802,0.628,0.29,0.067,0.014
Canadá,Inglaterra,14.886,24.035,61.079,9.915,16.324,13.416,7.259,3.126,6.518,10.753,8.785,4.838,1.998,2.217,3.635,2.96,1.635,0.658,0.482,0.856,0.662,0.378,0.152,0.093,0.155,0.128,0.063,0.028
Canadá,Croácia,31.026,26.323,42.651,7.886,10.731,7.635,3.664,1.35,9.045,12.266,8.708,4.086,1.439,5.213,7.043,5.123,2.257,0.877,1.987,2.731,1.922,0.953,0.337,0.622,0.782,0.619,0.286,0.089
Canadá,Gana,50.629,27.088,22.283,10.862,8.852,3.723,1.084,0.243,14.89,12.166,5.103,1.434,0.359,10.509,8.452,3.53,0.98,0.231,5.071,4.173,1.71,0.495,0.105,1.885,1.568,0.573,0.183,0.034
Canadá,Panamá,53.647,25.221,21.132,8.723,7.408,3.345,1.045,0.227,13.356,11.662,5.309,1.592,0.327,10.514,9.198,4.118,1.217,0.274,5.748,4.954,2.128,0.653,0.151,2.228,1.992,0.871,0.229,0.061
Catar,Suíça,4.715,9.127,86.158,1.889,5.677,9.514,10.578,9.141,1.24,4.079,6.74,7.424,6.263,0.472,1.53,2.387,2.635,2.262,0.105,0.345,0.614,0.653,0.513,0.02,0.063,0.115,0.124,0.107
Suíça,Bósnia e Herzegovina,70.127,17.394,12.479,4.106,3.595,1.635,0.445,0.119,9.317,8.084,3.423,1.066,0.215,10.968,9.343,4.055,1.235,0.3,8.479,7.194,3.232,0.997,0.216,5.044,4.364,1.917,0.615,0.138
Suíça,Brasil,21.345,23.537,55.118,6.673,11.422,9.825,5.807,2.545,6.48,10.99,9.625,5.546,2.439,3.17,5.41,4.842,2.67,1.315,1.106,1.789,1.588,0.911,0.422,0.28,0.487,0.39,0.258,0.109
Suíça,Marrocos,25.158,28.322,46.52,11.195,14.308,9.366,4.285,1.497,9.603,12.829,8.32,3.751,1.306,4.328,5.691,3.737,1.688,0.577,1.308,1.716,1.14,0.524,0.175,0.322,0.41,0.249,0.115,0.037
Suíça,Escócia,53.761,24.153,22.086,7.168,6.87,3.378,1.109,0.285,11.776,11.346,5.585,1.835,0.493,9.796,9.338,4.633,1.524,0.392,5.579,5.321,2.65,0.887,0.236,2.344,2.359,1.155,0.349,0.11
Suíça,Haiti,81.153,12.083,6.764,2.758,2.099,0.765,0.2,0.031,7.65,5.501,2.018,0.509,0.096,10.935,7.981,2.988,0.691,0.123,10.586,7.491,2.803,0.718,0.133,7.737,5.545,2.029,0.539,0.113
Suíça,EUA,47.798,22.495,29.707,4.19,5.648,3.891,1.772,0.657,7.302,9.871,6.907,3.229,1.221,6.567,9.121,6.226,2.991,1.117,4.084,5.554,3.85,1.864,0.76,1.945,2.627,1.808,0.812,0.311
Suíça,Austrália,40.102,28.525,31.373,11.205,11.199,5.906,1.975,0.511,12.956,12.951,6.653,2.165,0.6,7.743,7.78,3.803,1.403,0.372,3.21,3.25,1.61,0.523,0.155,1.018,0.995,0.506,0.172,0.042
Suíça,Paraguai,47.3,27.702,24.998,10.783,9.481,4.292,1.332,0.326,14.386,12.521,5.61,1.682,0.391,9.545,8.488,3.782,1.208,0.288,4.359,3.851,1.764,0.564,0.113,1.467,1.287,0.601,0.192,0.049
Suíça,Turquia,54.166,21.912,23.922,4.358,5.362,3.214,1.304,0.429,8.488,10.116,5.972,2.444,0.757,7.872,9.402,5.65,2.33,0.712,5.216,6.106,3.784,1.524,0.507,2.601,3.047,1.85,0.772,0.237
Suíça,Alemanha,28.176,20.938,50.886,2.788,5.716,5.814,4.159,2.227,4.226,8.37,8.587,6.165,3.298,3.234,6.342,6.732,4.544,2.515,1.614,3.226,3.342,2.411,1.326,0.613,1.259,1.347,0.973,0.547
Suíça,Equador,34.325,33.948,31.727,18.383,14.86,6.237,1.838,0.395,15.872,12.912,5.427,1.542,0.335,6.809,5.673,2.452,0.693,0.146,2.094,1.729,0.777,0.195,0.049,0.514,0.415,0.161,0.047,0.006
Suíça,Costa do Marfim,52.065,26.493,21.442,10.101,8.17,3.584,0.972,0.186,14.327,12.077,5.07,1.46,0.349,10.684,8.694,3.718,1.069,0.244,5.268,4.538,1.847,0.538,0.123,2.116,1.682,0.75,0.207,0.055
Suíça,Curaçao,85.903,9.713,4.384,2.523,1.492,0.486,0.106,0.014,7.724,4.592,1.353,0.31,0.032,11.635,6.82,2.058,0.415,0.063,12.021,7.082,2.103,0.473,0.07,9.428,5.602,1.669,0.342,0.059
Suíça,Holanda,26.519,22.152,51.329,4.311,7.728,7.421,4.638,2.277,5.458,9.848,9.321,5.875,2.948,3.437,6.426,6.069,3.806,1.824,1.625,2.76,2.675,1.648,0.802,0.509,1.012,0.864,0.559,0.245
Suíça,Japão,29.551,24.257,46.192,5.813,9.064,7.442,4.012,1.666,7.252,11.368,9.275,4.997,2.032,4.385,7.02,5.546,3.096,1.278,1.788,3.0,2.338,1.311,0.57,0.655,0.969,0.772,0.408,0.2
Suíça,Tunísia,72.833,16.869,10.298,4.653,3.466,1.261,0.336,0.068,11.049,8.01,2.935,0.776,0.146,12.492,9.121,3.447,0.916,0.173,9.768,7.064,2.508,0.692,0.125,5.552,4.125,1.553,0.4,0.062
Suíça,Suécia,55.87,19.49,24.64,2.285,3.307,2.527,1.295,0.471,5.096,7.515,5.638,2.853,1.075,5.906,8.589,6.542,3.326,1.204,4.575,6.586,5.021,2.44,0.97,2.714,3.896,2.914,1.492,0.614
Suíça,Bélgica,30.923,26.038,43.039,7.919,11.115,7.733,3.598,1.296,8.957,12.236,8.633,4.034,1.484,5.082,7.07,4.87,2.36,0.858,1.989,2.796,1.915,0.904,0.344,0.648,0.859,0.624,0.262,0.096
Suíça,Egito,52.473,25.493,22.034,8.559,7.523,3.478,1.119,0.267,13.107,11.892,5.48,1.67,0.384,10.097,9.067,4.255,1.367,0.3,5.337,4.865,2.26,0.715,0.163,2.217,1.866,0.85,0.281,0.066
Suíça,Irã,58.232,23.024,18.744,6.768,5.885,2.755,0.876,0.197,11.672,10.867,4.959,1.526,0.396,10.513,9.552,4.403,1.377,0.299,6.41,5.697,2.685,0.868,0.2,3.002,2.753,1.309,0.394,0.109
Suíça,Nova Zelândia,81.927,11.122,6.951,1.885,1.483,0.676,0.227,0.032,5.433,4.817,2.118,0.656,0.141,8.638,7.373,3.171,0.973,0.223,8.976,7.81,3.402,1.013,0.219,7.245,6.299,2.727,0.841,0.211
Suíça,Espanha,14.511,20.544,64.945,6.241,12.184,11.855,7.947,4.189,4.919,9.672,9.392,6.234,3.314,1.944,3.942,3.866,2.48,1.277,0.578,1.112,1.106,0.688,0.347,0.116,0.232,0.226,0.164,0.062
Suíça,Uruguai,36.346,28.263,35.391,10.323,11.41,6.641,2.48,0.76,11.594,12.9,7.489,2.816,0.836,6.776,7.498,4.374,1.604,0.472,2.74,2.938,1.667,0.6,0.175,0.781,0.887,0.504,0.208,0.061
Suíça,Arábia Saudita,66.601,20.892,12.507,8.103,5.214,1.76,0.393,0.075,14.857,9.345,3.204,0.766,0.154,13.85,8.97,3.012,0.666,0.124,8.618,5.679,1.958,0.394,0.083,4.308,2.699,0.906,0.199,0.038
Suíça,Cabo Verde,64.236,21.969,13.795,8.422,5.77,1.997,0.481,0.088,15.055,9.971,3.426,0.803,0.147,13.31,8.937,3.05,0.774,0.137,8.118,5.425,1.822,0.475,0.085,3.815,2.597,0.837,0.22,0.05
Suíça,França,17.982,21.28,60.738,5.57,10.672,10.38,6.779,3.353,5.257,10.105,9.605,6.41,3.278,2.587,4.708,4.477,2.987,1.543,0.782,1.579,1.504,1.009,0.515,0.184,0.42,0.366,0.26,0.113
Suíça,Senegal,41.883,24.519,33.598,5.79,7.616,5.099,2.301,0.81,8.449,11.151,7.655,3.465,1.195,6.495,8.804,5.878,2.681,0.909,3.456,4.427,3.011,1.453,0.483,1.375,1.773,1.229,0.57,0.227
Suíça,Noruega,39.13,20.956,39.914,2.302,4.3,4.027,2.631,1.313,4.317,7.845,7.477,4.795,2.414,3.863,7.552,7.093,4.617,2.231,2.516,4.851,4.43,2.833,1.4,1.253,2.236,2.135,1.42,0.739
Suíça,Iraque,76.948,14.669,8.383,4.084,2.765,0.969,0.262,0.047,9.93,6.877,2.547,0.576,0.106,12.567,8.696,3.032,0.75,0.15,10.487,7.242,2.598,0.602,0.122,6.666,4.592,1.734,0.424,0.069
Suíça,Argentina,13.361,21.192,65.447,7.785,14.185,13.262,8.46,3.849,5.343,9.624,9.174,5.833,2.81,1.8,3.488,3.194,2.045,0.977,0.493,0.856,0.803,0.544,0.247,0.084,0.14,0.143,0.117,0.042
Suíça,Áustria,43.472,23.831,32.697,5.185,6.945,4.749,2.237,0.802,8.291,10.981,7.655,3.459,1.232,6.707,8.735,5.949,2.734,0.977,3.484,4.727,3.331,1.495,0.526,1.447,2.028,1.406,0.688,0.202
Suíça,Argélia,53.867,22.232,23.901,4.845,5.553,3.288,1.327,0.429,8.842,10.042,5.984,2.383,0.728,7.954,9.695,5.636,2.225,0.731,5.26,6.127,3.45,1.474,0.472,2.521,2.923,1.756,0.744,0.215
Suíça,Jordânia,69.789,16.919,13.292,3.203,3.232,1.543,0.526,0.132,7.867,7.555,3.62,1.22,0.331,9.563,9.216,4.583,1.612,0.403,7.909,7.462,3.722,1.336,0.326,5.016,4.701,2.355,0.781,0.214
Suíça,Portugal,22.622,22.974,54.404,5.777,10.245,9.233,5.524,2.47,6.015,10.84,9.416,5.683,2.586,3.279,5.691,5.042,3.219,1.499,1.203,2.084,1.946,1.152,0.547,0.362,0.634,0.528,0.328,0.149
Suíça,Colômbia,23.625,24.611,51.764,7.52,11.997,9.542,5.161,2.081,7.387,11.607,9.306,5.156,2.074,3.724,5.818,4.537,2.447,0.992,1.218,2.024,1.537,0.846,0.349,0.331,0.519,0.38,0.227,0.094
Suíça,Uzbequistão,73.668,15.867,10.465,3.925,3.047,1.24,0.354,0.075,9.441,7.297,3.058,0.859,0.187,11.22,9.015,3.632,1.068,0.241,9.342,7.564,2.936,0.879,0.187,5.924,4.602,1.883,0.572,0.128
Suíça,RD Congo,48.838,28.625,22.537,12.572,9.661,3.732,1.021,0.229,15.958,12.466,4.992,1.364,0.268,10.516,7.981,3.179,0.876,0.164,4.697,3.565,1.502,0.378,0.084,1.56,1.198,0.49,0.124,0.029
Suíça,Inglaterra,19.8,24.284,55.916,8.468,13.668,10.871,6.147,2.586,7.084,11.137,9.159,5.048,2.17,3.088,4.911,3.986,2.162,0.911,0.887,1.431,1.191,0.634,0.285,0.216,0.33,0.282,0.138,0.056
Suíça,Croácia,39.322,24.597,36.081,5.897,7.906,5.57,2.642,0.898,8.262,11.379,8.089,3.834,1.347,6.238,8.296,5.705,2.786,0.95,3.063,4.279,2.877,1.387,0.485,1.186,1.556,1.108,0.535,0.195
Suíça,Gana,60.203,22.9,16.897,7.588,6.037,2.559,0.735,0.14,12.882,10.66,4.268,1.219,0.264,11.678,9.356,3.902,1.097,0.225,7.072,5.633,2.343,0.684,0.148,3.272,2.569,1.056,0.313,0.064
Suíça,Panamá,63.533,20.702,15.765,5.769,4.851,2.175,0.663,0.14,11.133,9.684,4.283,1.279,0.313,11.108,9.676,4.272,1.304,0.293,7.368,6.662,2.784,0.848,0.205,3.742,3.372,1.515,0.404,0.119
Bósnia e Herzegovina,Catar,56.682,21.473,21.845,4.549,5.212,2.987,1.163,0.339,8.812,9.809,5.552,2.114,0.645,8.808,9.629,5.457,2.102,0.628,5.623,6.403,3.643,1.444,0.411,2.846,3.209,1.815,0.692,0.193
Catar,Brasil,1.737,5.041,93.222,1.349,4.992,9.529,12.06,11.894,0.628,2.361,4.37,5.713,5.619,0.148,0.572,1.077,1.375,1.397,0.02,0.096,0.197,0.236,0.227,0.003,0.013,0.023,0.027,0.016
Catar,Marrocos,3.178,9.14,87.682,3.48,9.855,14.274,14.43,10.819,1.478,4.126,6.187,6.057,4.622,0.321,0.929,1.307,1.321,0.929,0.043,0.15,0.193,0.206,0.134,0.005,0.011,0.022,0.022,0.02
Catar,Escócia,12.672,18.169,69.159,5.037,10.85,11.801,8.597,4.954,4.131,8.488,9.269,6.809,3.941,1.687,3.506,3.794,2.886,1.651,0.445,0.971,1.068,0.742,0.454,0.095,0.202,0.231,0.176,0.103
Catar,Haiti,32.982,23.805,43.213,4.948,7.806,6.368,3.609,1.486,6.694,10.898,8.823,4.913,2.061,4.72,7.473,6.044,3.307,1.38,2.347,3.62,2.803,1.64,0.689,0.782,1.339,1.096,0.557,0.254
Catar,EUA,7.309,11.189,81.502,1.8,5.652,8.771,9.229,7.156,1.568,4.793,7.525,7.952,6.183,0.744,2.208,3.3,3.491,2.779,0.192,0.634,1.025,1.05,0.837,0.048,0.182,0.242,0.247,0.213
Catar,Austrália,7.761,15.974,76.265,5.836,13.261,14.764,11.254,6.686,3.297,7.304,8.387,6.384,3.721,0.97,2.108,2.44,1.865,1.046,0.199,0.445,0.462,0.361,0.22,0.033,0.09,0.063,0.055,0.03
Catar,Paraguai,11.189,19.559,69.252,7.252,14.08,13.92,9.527,4.845,4.604,8.965,8.907,5.986,3.031,1.5,3.01,2.835,1.952,1.029,0.338,0.655,0.642,0.457,0.233,0.063,0.123,0.125,0.065,0.046
Catar,Turquia,10.583,14.539,74.878,2.709,7.124,9.621,8.627,5.847,2.593,6.491,8.679,7.862,5.341,1.116,3.006,3.995,3.581,2.529,0.373,0.943,1.314,1.111,0.757,0.099,0.244,0.328,0.293,0.207
Catar,Alemanha,1.773,3.925,94.302,0.465,2.042,4.925,7.419,8.718,0.362,1.527,3.562,5.393,6.143,0.111,0.574,1.31,2.015,2.384,0.033,0.14,0.305,0.488,0.56,0.009,0.021,0.072,0.089,0.119
Catar,Equador,7.475,19.797,72.728,10.269,18.765,17.339,11.129,5.307,4.248,7.884,7.232,4.531,2.199,0.919,1.608,1.519,0.955,0.485,0.136,0.228,0.235,0.118,0.063,0.017,0.026,0.034,0.016,0.007
Catar,Costa do Marfim,13.504,21.171,65.325,7.541,14.018,13.141,8.214,4.023,5.288,9.617,9.201,5.944,2.731,1.864,3.563,3.38,2.123,1.022,0.477,0.877,0.787,0.567,0.25,0.089,0.178,0.173,0.114,0.062
Catar,Curaçao,41.151,24.822,34.027,6.1,7.817,5.213,2.408,0.85,8.629,11.482,7.705,3.437,1.245,6.594,8.496,5.663,2.61,0.923,3.303,4.434,3.039,1.388,0.476,1.267,1.689,1.093,0.491,0.174
Catar,Holanda,1.92,4.722,93.358,0.83,3.318,6.851,9.669,10.166,0.487,2.08,4.31,6.086,6.169,0.172,0.653,1.337,1.86,1.953,0.037,0.129,0.269,0.401,0.396,0.004,0.025,0.043,0.07,0.063
Catar,Japão,2.934,6.841,90.225,1.493,5.405,9.484,11.412,10.144,0.923,3.188,5.582,6.699,6.114,0.276,0.937,1.697,2.034,1.911,0.05,0.207,0.349,0.398,0.379,0.007,0.029,0.058,0.063,0.06
Catar,Tunísia,25.957,23.94,50.103,6.339,10.458,8.46,4.695,2.047,6.877,11.326,9.275,5.273,2.314,4.01,6.369,5.055,2.837,1.222,1.577,2.439,2.006,1.071,0.472,0.438,0.709,0.579,0.342,0.143
Catar,Suécia,8.818,11.307,79.875,1.207,3.792,6.388,7.196,5.891,1.307,4.131,7.079,7.649,6.518,0.751,2.391,3.837,4.416,3.593,0.284,0.892,1.42,1.651,1.408,0.081,0.258,0.46,0.464,0.407
Catar,Bélgica,3.793,9.075,87.132,2.527,7.875,12.134,12.63,10.025,1.411,4.276,6.495,6.841,5.503,0.408,1.164,1.873,1.957,1.547,0.077,0.227,0.319,0.345,0.295,0.014,0.039,0.051,0.053,0.051
Catar,Egito,12.521,19.498,67.981,6.12,12.268,12.633,8.676,4.697,4.492,9.125,9.445,6.457,3.358,1.689,3.437,3.543,2.487,1.298,0.424,0.915,0.857,0.637,0.317,0.081,0.182,0.192,0.126,0.066
Catar,Irã,14.984,20.026,64.99,5.39,10.964,11.296,7.665,4.022,4.556,9.365,9.65,6.633,3.488,2.097,4.074,4.267,2.977,1.588,0.598,1.271,1.245,0.888,0.455,0.145,0.291,0.302,0.188,0.11
Catar,Nova Zelândia,30.909,21.569,47.522,3.083,5.977,5.839,3.693,1.991,4.71,8.852,8.658,5.576,2.854,3.673,6.896,6.794,4.297,2.179,1.857,3.571,3.492,2.32,1.114,0.75,1.418,1.389,0.887,0.453
Catar,Espanha,0.821,2.888,96.291,0.826,3.519,7.744,11.28,12.661,0.33,1.372,2.988,4.344,4.949,0.068,0.283,0.573,0.86,0.962,0.009,0.031,0.066,0.103,0.144,0.001,0.003,0.009,0.019,0.013
Catar,Uruguai,6.266,13.685,80.049,4.745,11.38,14.213,12.067,7.957,2.58,6.272,7.875,6.633,4.366,0.756,1.79,2.243,1.86,1.296,0.16,0.326,0.419,0.384,0.233,0.02,0.052,0.067,0.063,0.038
Catar,Arábia Saudita,22.978,26.238,50.784,9.251,13.711,10.084,4.891,1.936,8.263,12.217,8.849,4.508,1.673,3.838,5.439,4.065,2.102,0.792,1.146,1.639,1.285,0.643,0.242,0.262,0.394,0.3,0.147,0.059
Catar,Cabo Verde,21.296,25.379,53.325,9.063,13.663,10.665,5.503,2.234,7.813,11.764,9.114,4.78,1.887,3.453,5.087,3.846,2.085,0.815,1.049,1.502,1.165,0.638,0.262,0.249,0.319,0.287,0.124,0.066
Catar,França,1.086,3.506,95.408,0.861,3.524,7.708,10.811,11.63,0.371,1.627,3.389,4.891,5.379,0.099,0.356,0.799,1.209,1.215,0.01,0.059,0.133,0.191,0.214,0.0,0.012,0.018,0.021,0.026
Catar,Senegal,6.137,11.088,82.775,2.391,6.864,10.409,10.556,8.132,1.705,5.11,7.679,7.584,5.832,0.632,1.976,2.789,2.84,2.267,0.151,0.48,0.716,0.678,0.555,0.025,0.098,0.123,0.125,0.105
Catar,Noruega,3.439,6.082,90.479,0.582,2.38,4.966,6.982,7.583,0.488,2.294,4.681,6.294,6.771,0.282,0.966,1.991,2.948,2.992,0.088,0.319,0.637,0.916,0.981,0.026,0.089,0.144,0.222,0.251
Catar,Iraque,29.329,24.484,46.187,6.191,9.653,7.627,4.124,1.721,7.336,11.42,9.028,4.833,2.03,4.485,6.927,5.478,2.984,1.191,1.851,2.88,2.353,1.21,0.481,0.562,0.87,0.753,0.365,0.172
Catar,Argentina,0.807,3.186,96.007,1.062,4.48,9.244,12.894,13.596,0.365,1.482,3.033,4.327,4.332,0.057,0.279,0.546,0.726,0.734,0.008,0.033,0.048,0.087,0.085,0.001,0.001,0.005,0.008,0.009
Catar,Áustria,6.388,11.223,82.389,2.344,6.649,10.224,10.077,7.886,1.695,4.982,7.686,7.686,5.959,0.652,1.971,2.95,2.981,2.306,0.187,0.532,0.81,0.817,0.649,0.024,0.106,0.142,0.161,0.121
Catar,Argélia,10.575,14.99,74.435,2.93,7.609,9.938,8.7,5.879,2.604,6.81,8.817,7.798,5.26,1.229,3.047,3.977,3.673,2.346,0.379,0.981,1.205,1.064,0.71,0.082,0.211,0.291,0.285,0.191
Catar,Jordânia,19.639,19.733,60.628,3.448,7.413,8.096,6.01,3.398,3.969,8.615,9.423,7.059,3.942,2.391,4.992,5.645,4.14,2.358,0.969,1.994,2.328,1.671,0.937,0.336,0.632,0.707,0.541,0.318
Catar,Portugal,1.716,4.856,93.428,1.097,4.266,8.617,11.219,11.428,0.559,2.271,4.228,5.742,5.827,0.179,0.564,1.165,1.515,1.526,0.016,0.106,0.192,0.276,0.285,0.006,0.018,0.028,0.035,0.043
Catar,Colômbia,2.161,6.242,91.597,1.78,5.995,10.91,12.98,11.643,0.794,2.934,5.016,5.975,5.506,0.226,0.704,1.265,1.479,1.305,0.022,0.109,0.203,0.237,0.178,0.006,0.015,0.041,0.029,0.024
Catar,Uzbequistão,24.949,22.649,52.402,5.054,8.833,8.206,5.041,2.329,5.96,10.329,9.419,5.83,2.658,3.443,6.228,5.667,3.508,1.59,1.405,2.508,2.306,1.386,0.648,0.467,0.76,0.679,0.39,0.193
Catar,RD Congo,12.844,22.46,64.696,9.18,16.03,14.042,8.334,3.742,5.727,10.087,8.94,5.126,2.434,1.82,3.169,2.808,1.61,0.686,0.417,0.712,0.586,0.353,0.144,0.06,0.127,0.105,0.058,0.031
Catar,Inglaterra,1.751,5.451,92.798,1.753,6.286,11.256,13.63,12.524,0.746,2.497,4.635,5.517,5.166,0.156,0.555,0.989,1.134,1.025,0.015,0.09,0.135,0.196,0.167,0.003,0.008,0.02,0.018,0.014
Catar,Croácia,5.374,10.188,84.438,2.133,6.725,10.26,10.904,8.559,1.581,4.612,7.335,7.599,6.014,0.53,1.676,2.642,2.719,2.121,0.103,0.413,0.645,0.686,0.524,0.019,0.082,0.116,0.124,0.105
Catar,Gana,17.423,22.03,60.547,6.77,11.995,11.416,7.025,3.369,5.765,10.21,9.541,5.918,2.907,2.513,4.704,4.145,2.547,1.249,0.703,1.299,1.294,0.807,0.359,0.174,0.31,0.275,0.181,0.091
Catar,Panamá,17.861,21.019,61.12,5.257,10.289,10.146,6.776,3.395,5.043,9.863,9.857,6.499,3.306,2.46,4.807,4.717,3.171,1.557,0.798,1.551,1.572,1.024,0.552,0.207,0.405,0.375,0.272,0.134
Bósnia e Herzegovina,Brasil,5.669,11.842,82.489,3.658,9.705,13.126,12.252,8.562,2.195,5.53,7.484,6.994,4.991,0.593,1.683,2.206,2.037,1.459,0.118,0.323,0.496,0.398,0.263,0.024,0.057,0.079,0.068,0.049
Bósnia e Herzegovina,Marrocos,8.098,17.505,74.397,7.368,15.157,15.723,11.21,6.064,3.869,7.792,8.223,5.82,3.013,1.024,2.087,2.056,1.517,0.843,0.182,0.344,0.382,0.262,0.159,0.03,0.06,0.064,0.032,0.025
Bósnia e Herzegovina,Escócia,24.33,25.085,50.585,7.952,12.184,9.407,4.955,1.927,7.907,11.779,9.3,4.788,1.899,3.838,5.866,4.479,2.392,0.983,1.365,1.942,1.545,0.786,0.313,0.345,0.492,0.427,0.214,0.086
Bósnia e Herzegovina,Haiti,50.315,23.651,26.034,5.894,6.695,3.723,1.464,0.448,9.624,10.981,6.379,2.585,0.772,8.292,9.408,5.382,2.161,0.654,4.813,5.397,3.079,1.219,0.373,2.08,2.39,1.401,0.517,0.161
EUA,Bósnia e Herzegovina,63.145,19.31,17.545,3.797,3.96,2.226,0.8,0.218,8.183,8.747,4.692,1.776,0.452,8.806,9.516,5.127,1.868,0.574,6.609,7.198,3.986,1.404,0.409,3.789,4.022,2.183,0.798,0.216
Bósnia e Herzegovina,Austrália,16.184,24.449,59.367,9.934,15.959,12.692,7.053,2.834,6.871,10.937,8.729,4.828,2.057,2.397,3.969,3.141,1.667,0.685,0.584,0.96,0.811,0.411,0.157,0.111,0.186,0.128,0.084,0.025
Bósnia e Herzegovina,Paraguai,21.01,27.11,51.88,11.122,15.592,11.051,5.236,1.856,8.785,12.005,8.52,4.101,1.481,3.446,4.782,3.475,1.609,0.571,0.953,1.306,0.835,0.474,0.169,0.19,0.276,0.181,0.093,0.032
Bósnia e Herzegovina,Turquia,22.434,21.862,55.704,4.796,9.136,8.556,5.622,2.79,5.494,10.046,9.565,6.144,3.167,3.198,5.693,5.405,3.468,1.679,1.124,2.165,2.112,1.404,0.635,0.344,0.629,0.599,0.387,0.184
Bósnia e Herzegovina,Alemanha,6.661,10.383,82.956,1.53,4.994,8.137,8.76,7.476,1.422,4.324,7.024,7.788,6.373,0.63,1.931,3.254,3.458,2.887,0.205,0.623,0.968,1.054,0.927,0.045,0.139,0.219,0.245,0.198
Bósnia e Herzegovina,Equador,14.278,28.746,56.976,16.098,20.955,13.662,6.349,2.201,8.085,10.641,6.998,3.206,1.059,2.063,2.702,1.84,0.852,0.312,0.368,0.473,0.366,0.158,0.058,0.061,0.066,0.038,0.023,0.009
Bósnia e Herzegovina,Costa do Marfim,24.333,28.146,47.521,11.309,14.614,9.859,4.381,1.551,9.48,12.597,8.25,3.762,1.322,4.175,5.428,3.669,1.687,0.597,1.19,1.699,1.135,0.52,0.17,0.264,0.379,0.247,0.109,0.05
Bósnia e Herzegovina,Curaçao,57.726,22.534,19.74,6.379,5.983,2.882,0.906,0.251,11.351,10.571,5.113,1.715,0.426,10.197,9.568,4.53,1.523,0.38,6.23,5.823,2.762,0.922,0.236,2.972,2.817,1.349,0.408,0.124
Bósnia e Herzegovina,Holanda,6.595,11.57,81.835,2.425,7.151,10.216,10.312,7.812,1.872,5.245,7.769,7.769,5.894,0.702,2.021,2.971,2.926,2.205,0.196,0.516,0.778,0.793,0.564,0.023,0.104,0.15,0.131,0.122
Bósnia e Herzegovina,Japão,8.508,14.717,76.775,3.823,9.433,11.938,10.231,6.798,2.85,6.917,8.664,7.548,4.863,0.981,2.483,3.173,2.756,1.642,0.245,0.611,0.814,0.712,0.439,0.035,0.104,0.137,0.148,0.086
Bósnia e Herzegovina,Tunísia,41.188,26.191,32.621,8.037,9.406,5.409,2.229,0.66,10.597,12.277,7.368,2.891,0.885,7.299,8.444,4.846,2.09,0.586,3.42,3.957,2.302,0.935,0.269,1.164,1.399,0.818,0.339,0.087
Bósnia e Herzegovina,Suécia,21.027,18.753,60.22,2.483,5.646,6.742,5.236,3.105,3.262,7.68,8.88,7.095,4.188,2.095,5.228,5.866,4.778,2.958,1.01,2.409,2.791,2.177,1.346,0.343,0.839,0.985,0.802,0.482
Bósnia e Herzegovina,Bélgica,9.94,17.313,72.747,5.767,12.356,13.547,9.901,5.693,3.776,8.004,8.969,6.617,3.708,1.232,2.75,2.956,2.279,1.324,0.305,0.681,0.696,0.531,0.303,0.051,0.115,0.14,0.111,0.049
Bósnia e Herzegovina,Egito,23.912,26.306,49.782,9.402,13.358,9.734,5.079,1.895,8.468,12.167,8.866,4.234,1.659,3.959,5.634,4.035,2.12,0.683,1.274,1.751,1.266,0.639,0.233,0.294,0.448,0.343,0.15,0.06
Bósnia e Herzegovina,Irã,28.139,25.667,46.194,8.193,11.753,8.43,4.132,1.605,8.695,11.966,8.837,4.417,1.646,4.468,6.583,4.591,2.274,0.94,1.736,2.341,1.788,0.831,0.317,0.492,0.705,0.489,0.285,0.078
Bósnia e Herzegovina,Nova Zelândia,49.159,22.202,28.639,4.074,5.318,3.748,1.797,0.705,7.125,9.823,6.641,3.115,1.141,6.796,9.002,6.173,2.968,1.078,4.276,5.747,3.822,1.782,0.678,1.969,2.839,1.965,0.908,0.291
Bósnia e Herzegovina,Espanha,3.085,8.657,88.258,2.799,8.381,13.056,13.543,10.848,1.265,4.115,6.078,6.277,5.111,0.33,0.928,1.446,1.513,1.209,0.05,0.158,0.258,0.266,0.203,0.011,0.019,0.026,0.027,0.028
Bósnia e Herzegovina,Uruguai,13.564,22.323,64.113,8.705,14.984,13.289,8.191,3.845,5.748,10.15,8.808,5.453,2.514,1.881,3.466,3.017,1.836,0.84,0.442,0.789,0.707,0.42,0.207,0.084,0.155,0.13,0.09,0.027
Bósnia e Herzegovina,Arábia Saudita,36.606,29.313,34.081,11.761,12.147,6.62,2.247,0.641,12.69,13.166,6.919,2.455,0.698,7.132,7.309,3.8,1.362,0.366,2.671,2.647,1.364,0.538,0.161,0.774,0.785,0.406,0.134,0.046
Bósnia e Herzegovina,Cabo Verde,34.475,29.396,36.129,11.96,12.858,6.768,2.549,0.787,12.231,13.086,7.084,2.683,0.745,6.631,6.856,3.784,1.486,0.412,2.352,2.494,1.396,0.515,0.153,0.673,0.712,0.395,0.156,0.049
Bósnia e Herzegovina,França,4.025,9.53,86.445,2.719,7.962,12.075,12.49,9.749,1.473,4.496,6.687,6.822,5.418,0.408,1.282,1.888,2.033,1.581,0.074,0.248,0.361,0.38,0.301,0.009,0.041,0.047,0.055,0.041
Bósnia e Herzegovina,Senegal,14.76,19.19,66.05,4.816,10.046,10.897,7.712,4.339,4.225,8.958,9.532,6.858,3.828,1.861,4.154,4.345,3.088,1.709,0.624,1.308,1.329,0.934,0.575,0.136,0.315,0.325,0.231,0.127
Bósnia e Herzegovina,Noruega,10.911,13.559,75.53,1.63,4.786,7.041,7.268,5.563,1.826,5.411,7.957,8.024,6.037,0.966,2.855,4.348,4.333,3.325,0.353,1.156,1.725,1.734,1.328,0.107,0.343,0.523,0.495,0.383
Bósnia e Herzegovina,Iraque,45.709,25.514,28.777,7.43,8.264,4.765,1.788,0.497,11.065,11.98,6.647,2.493,0.794,7.994,8.973,5.036,1.993,0.547,4.027,4.519,2.504,0.944,0.313,1.637,1.664,1.005,0.358,0.116
Bósnia e Herzegovina,Argentina,2.947,9.112,87.941,3.457,9.932,14.595,14.422,10.992,1.401,4.117,5.84,5.756,4.577,0.281,0.82,1.307,1.289,0.974,0.047,0.135,0.191,0.212,0.119,0.006,0.011,0.024,0.024,0.019
Bósnia e Herzegovina,Áustria,15.662,19.376,64.962,4.647,9.766,10.098,7.608,4.199,4.356,9.005,9.592,6.912,3.809,2.105,4.33,4.531,3.38,1.783,0.606,1.323,1.499,1.033,0.609,0.151,0.362,0.37,0.269,0.148
Bósnia e Herzegovina,Argélia,22.227,22.531,55.242,5.235,9.302,8.821,5.637,2.685,5.651,10.44,9.577,6.084,2.881,3.084,5.643,5.312,3.496,1.581,1.113,2.175,2.029,1.35,0.573,0.347,0.616,0.597,0.388,0.186
Bósnia e Herzegovina,Jordânia,35.391,23.869,40.74,5.064,7.576,6.051,3.184,1.306,7.173,10.776,8.62,4.528,1.858,5.146,7.863,6.185,3.184,1.314,2.406,3.934,3.067,1.575,0.631,0.909,1.449,1.065,0.581,0.242
Bósnia e Herzegovina,Portugal,5.719,11.421,82.86,3.239,8.799,12.295,11.693,8.657,2.027,5.253,7.63,7.263,5.253,0.623,1.728,2.379,2.267,1.662,0.154,0.394,0.479,0.479,0.326,0.025,0.047,0.111,0.082,0.067
Bósnia e Herzegovina,Colômbia,6.614,13.753,79.633,4.52,11.256,13.784,11.684,7.682,2.683,6.374,7.94,6.704,4.515,0.796,1.871,2.374,2.011,1.309,0.16,0.381,0.46,0.443,0.293,0.025,0.054,0.076,0.061,0.037
Bósnia e Herzegovina,Uzbequistão,41.063,25.205,33.732,6.624,8.352,5.274,2.326,0.791,9.344,11.752,7.618,3.376,1.073,6.733,8.492,5.424,2.446,0.842,3.428,4.117,2.741,1.219,0.418,1.302,1.594,1.071,0.377,0.174
Bósnia e Herzegovina,RD Congo,23.044,29.37,47.586,13.493,16.675,10.283,4.386,1.379,10.261,12.559,7.703,3.244,1.049,4.004,4.742,2.986,1.255,0.401,1.081,1.331,0.819,0.311,0.113,0.222,0.216,0.164,0.062,0.018
Bósnia e Herzegovina,Inglaterra,5.216,12.641,82.143,4.721,11.717,14.872,12.93,8.603,2.337,5.757,7.44,6.491,4.226,0.595,1.432,1.859,1.674,1.114,0.12,0.229,0.345,0.279,0.169,0.015,0.033,0.046,0.047,0.02
Bósnia e Herzegovina,Croácia,13.287,18.695,68.018,4.753,10.084,11.044,8.33,4.688,3.9,8.718,9.432,6.917,3.931,1.662,3.707,4.159,3.088,1.825,0.549,1.103,1.221,0.93,0.516,0.129,0.272,0.295,0.211,0.128
Bósnia e Herzegovina,Gana,30.249,27.469,42.282,9.549,12.165,7.979,3.456,1.148,9.765,12.689,8.451,3.796,1.238,5.246,6.766,4.397,1.922,0.635,1.923,2.465,1.629,0.759,0.248,0.559,0.686,0.453,0.224,0.072
Bósnia e Herzegovina,Panamá,31.723,26.275,42.002,7.586,10.606,7.387,3.586,1.244,8.99,12.513,8.423,4.086,1.439,5.271,7.111,5.096,2.388,0.84,2.163,2.922,1.967,0.963,0.343,0.692,0.86,0.633,0.297,0.113
Brasil,Marrocos,38.598,31.035,30.367,14.556,12.893,5.757,1.692,0.432,15.029,13.124,5.872,1.828,0.458,7.846,6.882,2.997,0.922,0.214,2.797,2.52,1.124,0.335,0.076,0.808,0.678,0.31,0.082,0.023
Escócia,Brasil,11.413,19.972,68.615,7.518,14.271,14.014,9.122,4.656,4.728,9.014,8.842,5.981,3.003,1.518,2.991,2.962,2.049,0.946,0.326,0.719,0.666,0.427,0.248,0.057,0.148,0.122,0.07,0.05
Brasil,Haiti,90.172,7.179,2.649,2.115,1.014,0.269,0.037,0.004,7.066,3.379,0.873,0.127,0.026,11.653,5.507,1.402,0.214,0.026,13.172,6.342,1.591,0.249,0.037,11.387,5.313,1.266,0.231,0.031
Brasil,EUA,65.281,19.311,15.408,4.761,4.36,2.058,0.613,0.163,9.896,8.976,4.205,1.364,0.345,10.33,9.653,4.402,1.436,0.326,7.801,6.824,3.283,0.992,0.239,4.113,3.806,1.863,0.549,0.163
Brasil,Austrália,53.966,27.717,18.317,12.837,8.458,3.007,0.661,0.125,17.348,11.699,4.028,0.934,0.194,12.111,8.003,2.846,0.646,0.119,5.698,3.813,1.339,0.308,0.056,2.123,1.356,0.474,0.104,0.025
Brasil,Paraguai,61.143,24.81,14.047,11.553,6.807,2.1,0.446,0.068,17.865,10.518,3.157,0.672,0.099,14.005,8.147,2.449,0.517,0.082,7.512,4.344,1.281,0.271,0.053,2.978,1.862,0.492,0.118,0.018
Brasil,Turquia,70.13,17.723,12.147,4.695,3.923,1.597,0.433,0.084,10.544,8.392,3.399,0.907,0.212,11.927,9.238,3.767,1.049,0.217,8.834,7.046,2.88,0.77,0.166,5.069,4.062,1.62,0.459,0.094
Brasil,Alemanha,46.67,23.028,30.302,4.284,5.826,4.089,1.963,0.681,7.347,10.269,7.073,3.326,1.186,6.608,8.917,6.324,2.951,1.046,4.161,5.403,3.701,1.792,0.647,1.79,2.428,1.744,0.802,0.337
Brasil,Equador,46.149,34.006,19.845,20.772,11.467,3.27,0.631,0.101,20.942,11.442,3.215,0.649,0.082,10.703,5.853,1.68,0.327,0.061,3.75,2.019,0.571,0.107,0.011,1.048,0.586,0.153,0.029,0.004
Brasil,Costa do Marfim,65.851,22.492,11.657,10.193,5.632,1.657,0.338,0.049,17.278,9.622,2.754,0.515,0.086,15.052,8.134,2.411,0.478,0.072,8.769,4.851,1.342,0.251,0.044,3.956,2.137,0.605,0.131,0.015
Brasil,Curaçao,92.677,5.627,1.696,1.898,0.728,0.138,0.025,0.002,6.601,2.631,0.552,0.075,0.005,11.533,4.643,0.935,0.126,0.018,13.798,5.428,1.081,0.148,0.018,12.226,4.864,1.042,0.149,0.013
Brasil,Holanda,43.423,25.002,31.575,6.512,7.891,4.909,2.014,0.73,9.491,11.491,7.362,3.07,0.988,7.087,8.846,5.589,2.359,0.771,3.727,4.51,2.782,1.24,0.409,1.422,1.762,1.148,0.512,0.16
Brasil,Japão,45.98,25.925,28.095,8.138,8.611,4.511,1.75,0.483,11.421,11.878,6.533,2.442,0.699,8.491,8.897,4.925,1.719,0.514,4.166,4.379,2.412,0.892,0.278,1.528,1.667,0.886,0.288,0.086
Brasil,Tunísia,83.629,11.588,4.783,4.088,2.118,0.499,0.093,0.008,10.888,5.414,1.399,0.237,0.022,14.774,7.109,1.796,0.319,0.029,12.982,6.434,1.631,0.269,0.04,9.161,4.399,1.167,0.191,0.018
Brasil,Suécia,73.339,15.144,11.517,2.575,2.482,1.287,0.446,0.112,6.761,6.571,3.189,1.095,0.299,8.972,8.681,4.383,1.403,0.41,8.003,7.678,3.955,1.346,0.401,5.419,5.507,2.795,0.905,0.238
Brasil,Bélgica,45.716,28.099,26.185,10.647,9.567,4.484,1.465,0.348,13.752,12.842,5.983,1.87,0.453,9.035,8.215,3.969,1.283,0.299,4.206,3.898,1.79,0.587,0.141,1.457,1.301,0.591,0.167,0.051
Brasil,Egito,66.38,21.635,11.985,8.938,5.373,1.697,0.384,0.056,15.812,9.493,2.933,0.63,0.118,14.314,8.541,2.806,0.589,0.093,8.703,5.395,1.738,0.368,0.056,4.132,2.555,0.761,0.171,0.026
Brasil,Irã,72.369,18.048,9.583,6.601,4.111,1.221,0.266,0.046,13.672,8.363,2.509,0.538,0.087,14.503,8.643,2.634,0.579,0.097,10.38,6.11,1.879,0.413,0.068,5.531,3.299,1.047,0.21,0.034
Brasil,Nova Zelândia,91.036,6.315,2.649,1.447,0.81,0.243,0.049,0.009,5.099,2.872,0.86,0.202,0.021,9.176,5.216,1.528,0.336,0.04,11.305,6.441,1.893,0.401,0.051,10.468,5.982,1.842,0.363,0.063
Brasil,Espanha,26.691,27.948,45.361,10.486,13.599,8.97,3.987,1.446,9.824,12.84,8.315,3.78,1.331,4.633,5.872,4.032,1.76,0.65,1.483,1.945,1.281,0.535,0.207,0.361,0.474,0.33,0.131,0.051
Brasil,Uruguai,50.816,28.11,21.074,12.641,9.214,3.566,0.851,0.176,16.351,12.026,4.641,1.195,0.224,10.804,8.137,3.088,0.825,0.173,5.033,3.864,1.457,0.328,0.086,1.756,1.327,0.548,0.116,0.024
Brasil,Arábia Saudita,77.977,15.846,6.177,7.324,3.262,0.769,0.096,0.007,15.546,6.684,1.475,0.235,0.024,17.053,7.494,1.639,0.247,0.031,12.565,5.445,1.202,0.186,0.024,6.912,3.141,0.749,0.11,0.013
Brasil,Cabo Verde,76.0,17.16,6.84,7.864,3.503,0.839,0.13,0.014,15.995,7.381,1.67,0.284,0.025,16.813,7.444,1.707,0.292,0.039,11.984,5.41,1.181,0.195,0.028,6.535,2.907,0.707,0.106,0.013
Brasil,França,31.729,27.323,40.948,9.241,11.603,7.473,3.238,1.171,9.724,12.685,8.331,3.662,1.27,5.495,6.996,4.567,2.014,0.716,2.15,2.77,1.828,0.752,0.27,0.621,0.737,0.508,0.235,0.073
Brasil,Senegal,58.475,22.638,18.887,6.704,6.108,2.814,0.86,0.219,11.948,10.628,4.895,1.525,0.347,10.714,9.381,4.408,1.303,0.355,6.612,5.897,2.637,0.798,0.2,2.908,2.706,1.201,0.409,0.093
Brasil,Noruega,58.711,19.757,21.532,3.152,3.884,2.517,1.093,0.376,6.638,8.397,5.367,2.35,0.801,7.435,9.248,5.817,2.535,0.872,5.445,6.791,4.437,1.953,0.625,3.176,3.954,2.438,1.086,0.379
Brasil,Iraque,86.844,9.691,3.465,3.317,1.467,0.378,0.062,0.012,9.588,4.53,1.05,0.164,0.024,14.036,6.625,1.569,0.235,0.03,13.684,6.413,1.562,0.245,0.031,10.103,4.755,1.165,0.202,0.029
Brasil,Argentina,24.272,28.952,46.776,12.721,15.762,9.937,4.129,1.463,10.213,12.582,8.042,3.292,1.122,4.286,5.134,3.224,1.387,0.45,1.184,1.458,0.932,0.395,0.142,0.248,0.321,0.197,0.095,0.029
Brasil,Áustria,60.237,21.977,17.786,6.325,5.626,2.579,0.793,0.19,11.548,10.265,4.651,1.488,0.331,10.732,9.666,4.433,1.356,0.297,6.855,6.153,2.757,0.838,0.205,3.249,2.928,1.258,0.385,0.113
Brasil,Argélia,69.491,18.505,12.004,5.25,3.938,1.557,0.402,0.094,10.995,8.606,3.39,0.907,0.193,11.968,9.341,3.788,1.015,0.2,8.912,6.866,2.746,0.753,0.145,5.029,3.863,1.557,0.39,0.102
Brasil,Jordânia,82.559,11.601,5.84,2.981,1.987,0.65,0.132,0.029,8.443,5.41,1.76,0.396,0.072,11.796,7.587,2.528,0.56,0.098,11.33,7.449,2.428,0.598,0.084,8.271,5.452,1.812,0.398,0.078
Brasil,Portugal,37.832,26.877,35.291,8.76,10.3,6.262,2.567,0.796,10.848,12.497,7.497,3.2,0.949,6.674,8.043,4.731,1.934,0.631,2.859,3.436,1.963,0.806,0.286,0.941,1.103,0.652,0.292,0.074
Brasil,Colômbia,37.932,28.548,33.52,10.938,11.491,6.235,2.219,0.654,12.386,12.971,7.021,2.579,0.716,7.234,7.525,4.005,1.436,0.409,2.883,2.982,1.651,0.579,0.189,0.907,0.937,0.499,0.165,0.047
Brasil,Uzbequistão,84.681,10.712,4.607,3.436,1.859,0.485,0.096,0.009,9.33,5.0,1.347,0.287,0.04,13.329,6.984,1.887,0.338,0.068,12.631,6.776,1.901,0.351,0.05,9.352,5.04,1.343,0.247,0.036
Brasil,RD Congo,61.85,25.483,12.667,13.114,6.775,1.813,0.333,0.042,19.461,10.023,2.705,0.5,0.06,14.957,7.547,2.144,0.343,0.058,7.596,3.895,1.047,0.192,0.017,3.019,1.595,0.404,0.07,0.01
Brasil,Inglaterra,32.964,29.528,37.508,12.393,13.303,7.465,2.736,0.787,12.413,13.096,7.307,2.642,0.8,6.127,6.578,3.548,1.355,0.405,2.185,2.327,1.246,0.457,0.12,0.594,0.605,0.339,0.125,0.034
Brasil,Croácia,56.048,23.611,20.341,7.107,6.571,3.063,1.019,0.234,12.004,11.156,5.157,1.606,0.386,10.347,9.434,4.412,1.421,0.351,6.047,5.595,2.663,0.844,0.223,2.62,2.421,1.165,0.374,0.086
Brasil,Gana,73.481,17.834,8.685,7.165,4.007,1.118,0.211,0.038,14.703,8.014,2.194,0.446,0.056,15.261,8.375,2.327,0.46,0.062,10.89,5.854,1.581,0.304,0.048,5.834,3.121,0.904,0.169,0.023
Brasil,Panamá,76.751,15.424,7.825,5.455,3.214,0.906,0.195,0.037,12.235,7.155,2.276,0.436,0.074,14.369,8.341,2.394,0.5,0.091,11.309,6.609,2.023,0.372,0.055,6.983,3.955,1.187,0.24,0.045
Escócia,Marrocos,14.585,25.896,59.519,12.406,18.665,13.738,6.912,2.619,7.246,10.807,8.079,4.141,1.557,2.205,3.232,2.406,1.181,0.484,0.444,0.673,0.485,0.266,0.101,0.062,0.097,0.06,0.035,0.011
Marrocos,Haiti,83.321,12.148,4.531,4.913,2.176,0.49,0.087,0.002,12.205,5.473,1.267,0.197,0.016,16.076,6.907,1.544,0.244,0.028,13.789,5.999,1.345,0.201,0.016,9.185,3.995,0.917,0.136,0.016
Marrocos,EUA,56.043,24.622,19.335,8.586,6.999,2.982,0.898,0.177,13.676,11.47,4.894,1.373,0.298,11.022,9.142,3.882,1.131,0.234,6.244,5.087,2.143,0.63,0.15,2.657,2.206,0.898,0.267,0.054
Marrocos,Austrália,45.92,33.118,20.962,19.012,11.587,3.527,0.747,0.147,19.759,11.873,3.558,0.778,0.116,10.433,6.441,2.085,0.386,0.053,3.804,2.275,0.683,0.142,0.02,1.067,0.66,0.205,0.035,0.006
Marrocos,Paraguai,52.418,31.038,16.544,17.821,9.378,2.582,0.461,0.071,20.908,11.208,2.982,0.544,0.085,12.571,6.715,1.866,0.339,0.05,5.17,2.729,0.748,0.14,0.021,1.596,0.813,0.221,0.042,0.002
Marrocos,Turquia,60.987,23.361,15.652,8.891,6.405,2.354,0.576,0.104,14.677,10.522,3.915,0.889,0.182,12.717,8.989,3.377,0.889,0.141,7.357,5.342,1.923,0.529,0.078,3.305,2.323,0.841,0.229,0.04
Marrocos,Alemanha,39.262,26.095,34.643,7.434,9.211,5.694,2.477,0.775,10.08,12.304,7.622,3.302,1.172,6.783,8.13,5.231,2.246,0.745,3.194,3.75,2.346,1.01,0.325,1.07,1.318,0.821,0.347,0.11
Marrocos,Equador,38.545,39.76,21.695,27.977,13.895,3.547,0.629,0.101,21.584,10.605,2.72,0.497,0.055,8.402,4.122,1.136,0.206,0.019,2.21,1.104,0.274,0.04,0.006,0.44,0.205,0.062,0.005,0.002
Marrocos,Costa do Marfim,57.17,28.621,14.209,16.181,8.091,2.109,0.374,0.053,21.186,10.5,2.655,0.479,0.062,14.09,7.0,1.782,0.298,0.041,6.224,3.113,0.793,0.154,0.014,2.13,1.087,0.262,0.05,0.004
Marrocos,Curaçao,86.879,10.151,2.97,4.624,1.575,0.292,0.048,0.005,12.269,4.316,0.775,0.108,0.007,16.357,5.906,1.103,0.134,0.012,15.182,5.49,1.023,0.106,0.011,10.586,3.762,0.667,0.067,0.002
Holanda,Marrocos,35.535,28.175,36.29,10.294,11.736,6.639,2.694,0.776,11.443,12.9,7.448,2.987,0.904,6.442,7.642,4.304,1.686,0.471,2.585,2.829,1.687,0.621,0.181,0.753,0.844,0.485,0.165,0.053
Marrocos,Japão,38.745,29.846,31.409,12.547,12.153,5.814,1.922,0.517,14.084,13.156,6.436,2.159,0.498,7.581,7.33,3.699,1.206,0.275,2.841,2.705,1.362,0.413,0.097,0.858,0.815,0.406,0.118,0.031
Marrocos,Tunísia,75.603,17.562,6.835,8.09,3.545,0.838,0.134,0.013,16.573,7.509,1.689,0.249,0.029,17.065,7.601,1.78,0.272,0.029,11.89,5.3,1.188,0.164,0.023,6.248,2.763,0.608,0.104,0.018
Marrocos,Suécia,64.323,19.919,15.758,5.032,4.793,2.126,0.663,0.169,10.703,9.323,4.255,1.276,0.319,10.824,9.552,4.438,1.357,0.317,7.374,6.715,3.11,0.987,0.216,3.961,3.571,1.612,0.474,0.129
Marrocos,Bélgica,38.907,31.91,29.183,15.87,12.939,5.489,1.63,0.345,15.598,13.022,5.522,1.597,0.38,8.18,6.691,2.738,0.797,0.193,2.844,2.356,1.0,0.257,0.072,0.79,0.648,0.255,0.065,0.022
Marrocos,Egito,57.895,27.294,14.811,14.299,7.881,2.233,0.464,0.054,19.911,10.745,3.024,0.548,0.075,13.906,7.355,2.053,0.424,0.045,6.539,3.602,0.987,0.19,0.028,2.334,1.265,0.352,0.069,0.006
Marrocos,Irã,63.499,24.068,12.433,11.62,6.279,1.857,0.356,0.056,18.179,9.97,2.736,0.504,0.073,14.848,8.214,2.235,0.439,0.07,8.067,4.474,1.204,0.228,0.028,3.333,1.819,0.513,0.085,0.015
Marrocos,Nova Zelândia,84.767,10.753,4.48,3.484,1.821,0.504,0.089,0.015,9.872,5.07,1.363,0.222,0.036,13.817,7.047,1.864,0.319,0.044,12.977,6.636,1.792,0.3,0.041,9.336,4.858,1.292,0.213,0.033
Marrocos,Espanha,22.53,30.241,47.229,14.839,17.232,10.435,4.242,1.421,10.457,12.408,7.535,3.01,0.933,3.919,4.656,2.709,1.157,0.327,1.011,1.169,0.639,0.265,0.082,0.184,0.232,0.112,0.043,0.019
Marrocos,Uruguai,42.744,33.276,23.98,18.412,12.472,4.201,1.005,0.185,18.408,12.474,4.23,0.959,0.214,9.404,6.393,2.173,0.518,0.089,3.265,2.221,0.77,0.205,0.026,0.915,0.629,0.216,0.051,0.012
Marrocos,Arábia Saudita,69.216,22.416,8.368,12.727,5.038,0.997,0.143,0.011,21.149,8.251,1.688,0.244,0.028,17.402,6.859,1.332,0.187,0.015,9.857,3.87,0.751,0.102,0.011,4.303,1.612,0.346,0.042,0.004
Marrocos,Cabo Verde,66.825,23.876,9.299,13.442,5.538,1.151,0.169,0.018,20.973,8.823,1.848,0.272,0.029,17.006,6.791,1.485,0.23,0.025,9.096,3.775,0.743,0.123,0.014,3.888,1.475,0.305,0.046,0.003
Marrocos,França,26.527,30.037,43.436,13.363,15.467,9.008,3.603,1.057,11.06,13.159,7.604,3.005,0.954,4.69,5.629,3.124,1.349,0.421,1.4,1.695,0.9,0.37,0.105,0.294,0.352,0.216,0.083,0.02
Marrocos,Senegal,49.4,28.033,22.567,11.524,9.222,3.793,1.081,0.233,15.391,12.637,5.051,1.446,0.292,10.449,8.223,3.366,0.952,0.22,4.776,3.902,1.548,0.471,0.085,1.668,1.341,0.516,0.17,0.033
Marrocos,Noruega,49.91,23.997,26.093,6.006,6.825,3.871,1.551,0.458,9.798,11.128,6.366,2.52,0.734,8.215,9.285,5.424,2.061,0.609,4.686,5.385,3.088,1.241,0.358,2.01,2.302,1.374,0.526,0.183
Marrocos,Iraque,79.145,15.281,5.574,7.004,2.937,0.663,0.079,0.006,15.501,6.581,1.377,0.2,0.026,17.241,7.01,1.502,0.232,0.023,13.054,5.345,1.179,0.174,0.02,7.537,3.2,0.707,0.101,0.02
Marrocos,Argentina,20.357,31.645,47.998,17.433,19.351,11.171,4.255,1.27,10.677,11.836,6.749,2.634,0.795,3.394,3.791,2.176,0.802,0.221,0.696,0.855,0.482,0.19,0.053,0.141,0.139,0.079,0.04,0.009
Marrocos,Áustria,51.701,26.927,21.372,10.695,8.438,3.46,1.044,0.186,15.05,12.187,5.012,1.407,0.293,10.834,8.674,3.491,1.049,0.193,5.15,4.196,1.676,0.511,0.114,2.002,1.574,0.638,0.167,0.041
Marrocos,Argélia,60.59,23.791,15.619,9.241,6.457,2.39,0.585,0.122,15.204,10.82,3.821,0.945,0.187,12.921,8.975,3.236,0.797,0.153,7.19,5.162,1.796,0.462,0.085,3.099,2.225,0.783,0.164,0.031
Marrocos,Jordânia,74.265,17.129,8.606,6.172,3.649,1.089,0.211,0.04,13.441,7.967,2.341,0.504,0.067,14.696,8.4,2.575,0.524,0.079,10.725,6.375,1.909,0.376,0.062,6.147,3.48,1.079,0.204,0.035
Marrocos,Portugal,31.568,30.044,38.388,13.097,14.15,7.694,2.911,0.74,12.415,13.142,7.123,2.667,0.726,5.977,6.281,3.371,1.285,0.346,1.962,2.108,1.07,0.407,0.124,0.504,0.488,0.293,0.106,0.027
Marrocos,Colômbia,31.696,32.259,36.045,16.096,15.157,7.314,2.367,0.601,13.754,13.177,6.356,2.13,0.537,6.112,5.821,2.686,0.905,0.24,1.972,1.728,0.859,0.283,0.063,0.44,0.454,0.216,0.062,0.017
Marrocos,Uzbequistão,76.866,16.326,6.808,6.978,3.242,0.875,0.135,0.02,14.902,7.15,1.755,0.285,0.051,16.084,7.758,1.918,0.356,0.041,11.985,5.933,1.468,0.257,0.033,6.635,3.285,0.853,0.145,0.021
Marrocos,RD Congo,53.298,31.751,14.951,19.665,9.211,2.152,0.334,0.044,22.597,10.526,2.465,0.395,0.062,13.113,6.239,1.466,0.23,0.03,5.2,2.399,0.573,0.093,0.007,1.508,0.726,0.186,0.02,0.001
Marrocos,Inglaterra,27.334,33.251,39.415,17.661,17.218,8.466,2.712,0.737,13.342,12.887,6.187,2.104,0.515,4.981,4.859,2.474,0.83,0.197,1.412,1.251,0.624,0.217,0.056,0.272,0.26,0.139,0.054,0.012
Marrocos,Croácia,47.805,28.162,24.033,11.697,9.727,4.12,1.205,0.245,15.195,12.562,5.251,1.553,0.321,10.08,8.282,3.417,1.075,0.225,4.394,3.661,1.526,0.453,0.1,1.523,1.245,0.531,0.168,0.031
Marrocos,Gana,64.581,24.207,11.212,12.568,6.202,1.422,0.271,0.026,19.613,9.539,2.41,0.423,0.056,15.525,7.651,1.911,0.311,0.043,8.449,4.135,1.03,0.174,0.029,3.519,1.676,0.39,0.067,0.014
Marrocos,Panamá,67.81,21.57,10.62,9.915,5.373,1.464,0.243,0.036,17.524,9.209,2.511,0.444,0.053,15.475,8.161,2.168,0.397,0.053,9.368,4.93,1.33,0.258,0.028,4.29,2.261,0.576,0.106,0.019
Haiti,Escócia,15.724,21.237,63.039,6.686,12.18,11.709,7.505,3.824,5.457,9.87,9.508,6.247,3.058,2.233,4.171,3.892,2.462,1.169,0.658,1.147,1.08,0.714,0.37,0.144,0.252,0.238,0.163,0.072
Escócia,EUA,29.21,24.814,45.976,6.447,9.756,7.747,3.968,1.628,7.527,11.501,9.085,4.772,1.998,4.451,6.832,5.478,2.914,1.201,1.877,2.916,2.247,1.231,0.461,0.567,0.902,0.659,0.361,0.145
Escócia,Austrália,25.17,30.727,44.103,14.551,16.385,9.407,3.777,1.08,11.327,12.931,7.298,2.887,0.916,4.426,5.115,2.893,1.148,0.362,1.18,1.393,0.806,0.329,0.068,0.247,0.291,0.151,0.053,0.022
Escócia,Paraguai,30.899,31.903,37.198,15.376,14.912,7.558,2.635,0.707,13.306,13.229,6.608,2.281,0.645,5.855,5.763,2.971,1.031,0.287,1.88,1.835,0.88,0.302,0.085,0.411,0.425,0.217,0.083,0.023
Escócia,Turquia,34.616,26.077,39.307,7.29,9.783,6.819,3.094,1.09,8.959,12.258,8.148,3.788,1.416,5.697,7.672,5.264,2.44,0.886,2.48,3.288,2.338,1.118,0.349,0.803,1.123,0.771,0.34,0.136
Escócia,Alemanha,14.752,17.821,67.427,3.616,8.227,9.469,7.391,4.556,3.519,7.977,9.265,7.563,4.444,1.786,4.143,4.732,3.721,2.184,0.606,1.347,1.641,1.267,0.742,0.151,0.346,0.438,0.366,0.204
Escócia,Equador,21.571,35.562,42.867,22.156,20.634,9.616,3.1,0.749,12.398,11.629,5.466,1.804,0.479,3.746,3.359,1.656,0.506,0.149,0.72,0.657,0.324,0.117,0.02,0.147,0.109,0.046,0.017,0.004
Escócia,Costa do Marfim,35.184,31.555,33.261,14.929,13.511,6.509,2.13,0.535,14.127,13.055,6.342,2.04,0.494,6.88,6.563,3.18,1.023,0.239,2.415,2.268,1.023,0.369,0.079,0.621,0.524,0.285,0.083,0.022
Escócia,Curaçao,69.386,19.15,11.464,6.653,4.56,1.517,0.381,0.062,13.362,8.966,3.062,0.71,0.123,13.416,9.02,3.001,0.753,0.125,9.409,6.156,2.082,0.48,0.09,4.934,3.228,1.117,0.293,0.045
Escócia,Holanda,14.077,19.241,66.682,5.158,10.823,11.426,8.061,4.473,4.369,8.932,9.322,6.828,3.729,1.854,3.969,4.111,2.923,1.592,0.55,1.092,1.223,0.922,0.46,0.151,0.214,0.261,0.187,0.105
Escócia,Japão,16.41,22.57,61.02,7.391,12.712,11.71,7.194,3.302,5.693,10.526,9.52,5.799,2.732,2.513,4.204,3.891,2.416,1.12,0.675,1.265,1.063,0.684,0.294,0.14,0.259,0.247,0.164,0.074
Escócia,Tunísia,53.696,25.525,20.779,9.457,7.829,3.364,0.978,0.208,14.321,11.695,4.967,1.413,0.348,10.822,8.878,3.765,1.138,0.225,5.619,4.691,2.007,0.555,0.125,2.223,1.828,0.784,0.235,0.05
Escócia,Suécia,34.672,22.818,42.51,4.078,6.855,5.816,3.314,1.392,6.17,10.034,8.54,4.986,2.178,4.547,7.614,6.418,3.61,1.68,2.316,3.938,3.36,1.903,0.877,0.931,1.59,1.358,0.731,0.348
Escócia,Bélgica,17.861,24.941,57.198,9.837,15.255,11.957,6.467,2.676,7.197,11.239,8.857,4.732,1.929,2.744,4.317,3.371,1.782,0.731,0.693,1.189,0.879,0.441,0.221,0.152,0.252,0.178,0.104,0.048
Escócia,Egito,34.644,30.056,35.3,12.852,13.402,6.777,2.373,0.608,12.99,13.104,6.888,2.382,0.676,6.71,6.674,3.619,1.287,0.317,2.454,2.427,1.23,0.445,0.109,0.624,0.606,0.316,0.108,0.034
Escócia,Irã,39.683,28.46,31.857,10.967,11.107,5.833,1.969,0.553,12.685,12.8,6.898,2.359,0.66,7.798,7.643,4.083,1.48,0.395,3.216,3.138,1.66,0.55,0.161,0.905,1.007,0.54,0.186,0.057
Escócia,Nova Zelândia,63.119,19.857,17.024,4.766,4.542,2.325,0.783,0.174,9.488,9.124,4.482,1.546,0.38,9.876,9.713,4.651,1.62,0.431,6.913,6.812,3.34,1.143,0.323,3.886,3.598,1.874,0.654,0.153
Escócia,Espanha,7.427,16.084,76.489,6.412,13.813,15.497,11.662,6.776,3.286,7.176,8.149,6.051,3.456,0.935,2.055,2.159,1.652,0.949,0.155,0.407,0.377,0.314,0.193,0.026,0.061,0.062,0.04,0.022
Escócia,Uruguai,22.308,29.009,48.683,13.27,16.542,10.433,4.558,1.514,9.922,12.349,7.961,3.501,1.107,3.871,4.755,3.005,1.339,0.453,0.95,1.239,0.749,0.372,0.132,0.185,0.232,0.173,0.071,0.013
Escócia,Arábia Saudita,48.194,29.389,22.417,13.907,10.244,3.832,1.054,0.195,16.969,12.316,4.619,1.2,0.223,10.651,7.79,2.86,0.725,0.143,4.396,3.204,1.248,0.289,0.085,1.38,1.048,0.425,0.099,0.017
Escócia,Cabo Verde,45.625,30.266,24.109,14.231,10.774,4.206,1.187,0.228,16.487,12.755,4.953,1.323,0.293,9.888,7.487,2.933,0.752,0.159,4.014,3.033,1.16,0.325,0.059,1.213,0.969,0.384,0.099,0.019
Escócia,França,9.131,17.256,73.613,5.866,12.975,14.135,10.282,5.923,3.639,8.078,8.72,6.497,3.599,1.162,2.563,2.792,2.087,1.189,0.241,0.568,0.585,0.472,0.274,0.05,0.092,0.097,0.081,0.048
Escócia,Senegal,24.865,25.414,49.721,8.028,12.176,9.147,4.71,1.916,7.817,11.921,9.243,4.656,1.921,3.949,6.084,4.563,2.403,0.976,1.356,2.112,1.559,0.803,0.323,0.363,0.564,0.425,0.209,0.092
Escócia,Noruega,21.687,20.063,58.25,3.386,7.001,7.543,5.679,3.126,4.243,8.707,9.316,6.848,3.66,2.65,5.477,5.8,4.218,2.375,1.036,2.297,2.485,1.805,0.98,0.362,0.728,0.842,0.577,0.327
Escócia,Iraque,57.925,24.229,17.846,8.709,6.799,2.785,0.743,0.151,14.127,11.099,4.482,1.218,0.233,11.725,9.221,3.764,1.01,0.197,6.52,5.157,2.08,0.599,0.11,2.78,2.209,0.829,0.25,0.053
Escócia,Argentina,6.902,16.92,76.178,7.708,16.036,16.702,11.941,6.469,3.543,7.189,7.552,5.368,3.001,0.826,1.69,1.801,1.317,0.662,0.144,0.27,0.297,0.207,0.11,0.017,0.04,0.031,0.029,0.011
Escócia,Áustria,26.213,25.53,48.257,7.718,11.516,8.593,4.642,1.867,7.925,12.017,8.888,4.768,1.799,4.095,6.308,4.824,2.544,1.05,1.527,2.328,1.721,0.859,0.357,0.393,0.6,0.517,0.238,0.107
Escócia,Argélia,34.832,26.127,39.041,7.628,10.103,6.632,3.052,1.098,9.474,12.298,8.324,3.634,1.365,5.896,7.74,5.132,2.352,0.821,2.544,3.172,2.106,0.948,0.342,0.792,1.118,0.687,0.274,0.112
Escócia,Jordânia,49.231,24.631,26.138,6.695,7.253,4.011,1.586,0.454,10.284,11.454,6.428,2.365,0.676,8.579,9.269,5.246,1.915,0.538,4.618,5.168,2.757,1.089,0.285,1.956,2.108,1.184,0.442,0.13
Escócia,Portugal,12.031,19.231,68.738,6.51,13.37,13.278,8.882,4.766,4.611,8.947,9.147,6.145,3.395,1.624,3.276,3.242,2.176,1.151,0.38,0.784,0.801,0.477,0.291,0.073,0.139,0.157,0.101,0.053
Escócia,Colômbia,12.898,22.003,65.099,8.652,15.175,13.892,8.441,3.807,5.465,9.912,8.803,5.406,2.51,1.813,3.306,2.959,1.824,0.87,0.411,0.709,0.716,0.448,0.191,0.071,0.122,0.134,0.083,0.03
Escócia,Uzbequistão,54.34,24.315,21.345,7.937,7.33,3.249,1.033,0.264,12.8,11.295,5.27,1.625,0.41,10.303,9.211,4.243,1.382,0.315,5.693,5.124,2.311,0.762,0.184,2.44,2.174,0.983,0.325,0.071
Escócia,RD Congo,32.606,33.241,34.153,17.319,15.433,6.8,2.134,0.463,14.943,13.079,5.777,1.844,0.423,6.46,5.614,2.584,0.81,0.171,1.93,1.614,0.759,0.246,0.057,0.412,0.391,0.187,0.048,0.013
Escócia,Inglaterra,10.68,21.048,68.272,9.182,16.644,15.096,9.507,4.414,5.059,9.177,8.264,5.18,2.512,1.458,2.637,2.392,1.52,0.708,0.271,0.498,0.44,0.279,0.135,0.052,0.09,0.08,0.054,0.018
Escócia,Croácia,23.354,25.047,51.599,7.876,12.372,9.584,5.196,2.121,7.637,11.742,9.116,5.002,1.96,3.62,5.755,4.55,2.357,1.005,1.184,1.868,1.534,0.787,0.316,0.306,0.514,0.369,0.204,0.086
Escócia,Gana,41.766,29.413,28.821,12.233,11.142,5.231,1.674,0.39,14.12,13.076,6.065,1.921,0.439,8.479,7.522,3.588,1.211,0.308,3.442,3.1,1.565,0.481,0.108,1.105,0.978,0.442,0.151,0.033
Escócia,Panamá,44.003,27.739,28.258,10.062,9.753,4.957,1.642,0.445,12.944,12.745,6.35,2.174,0.539,8.528,8.312,4.231,1.422,0.402,3.836,3.691,1.882,0.633,0.169,1.358,1.351,0.626,0.193,0.066
Haiti,EUA,9.814,14.603,75.583,2.882,7.218,9.696,9.002,6.132,2.422,6.511,8.696,7.855,5.453,1.071,2.889,3.883,3.562,2.506,0.336,0.83,1.209,1.114,0.761,0.072,0.223,0.273,0.279,0.181
Haiti,Austrália,9.885,19.474,70.641,7.777,14.927,14.955,10.027,4.975,4.362,8.831,8.714,5.714,2.91,1.371,2.524,2.483,1.655,0.842,0.298,0.491,0.52,0.357,0.198,0.046,0.097,0.076,0.05,0.025
Haiti,Paraguai,13.781,22.779,63.44,9.321,15.696,13.58,7.996,3.586,5.96,10.068,8.561,5.15,2.477,1.994,3.436,2.966,1.743,0.764,0.43,0.765,0.711,0.393,0.162,0.102,0.127,0.117,0.066,0.028
Haiti,Turquia,13.646,17.771,68.583,3.845,8.637,10.051,7.796,4.97,3.541,8.094,9.414,7.408,4.285,1.664,3.811,4.479,3.538,2.017,0.589,1.182,1.459,1.174,0.688,0.137,0.306,0.356,0.282,0.16
Haiti,Alemanha,2.92,5.899,91.181,0.888,3.385,6.523,8.816,8.928,0.608,2.481,4.839,6.465,6.548,0.234,0.946,1.793,2.447,2.564,0.06,0.242,0.474,0.593,0.673,0.007,0.047,0.101,0.126,0.124
Haiti,Equador,9.407,23.463,67.13,13.167,20.372,16.793,9.213,3.823,5.509,8.675,7.047,3.938,1.663,1.205,1.908,1.497,0.854,0.406,0.182,0.288,0.216,0.119,0.062,0.015,0.028,0.031,0.012,0.005
Haiti,Costa do Marfim,16.495,24.316,59.189,9.466,15.238,12.237,6.914,2.97,6.747,11.104,9.055,5.038,2.126,2.533,4.034,3.257,1.76,0.754,0.641,1.02,0.851,0.449,0.197,0.114,0.197,0.167,0.078,0.038
Haiti,Curaçao,45.636,25.015,29.349,6.888,7.854,4.677,1.919,0.548,10.207,11.69,6.74,2.841,0.869,7.753,8.976,5.185,2.1,0.651,4.046,4.757,2.663,1.119,0.344,1.579,1.831,1.1,0.498,0.126
Haiti,Holanda,3.081,6.973,89.946,1.442,5.027,9.02,10.942,10.075,0.887,3.099,5.587,6.808,6.204,0.293,1.025,1.856,2.129,2.044,0.05,0.235,0.37,0.492,0.422,0.009,0.04,0.064,0.067,0.077
Haiti,Japão,4.153,9.481,86.366,2.471,7.41,11.212,11.962,9.413,1.366,4.424,6.783,7.062,5.725,0.436,1.26,2.052,2.131,1.765,0.1,0.295,0.455,0.47,0.413,0.015,0.048,0.076,0.058,0.059
Haiti,Tunísia,29.808,25.729,44.463,7.676,10.954,7.831,3.877,1.451,8.391,11.965,8.765,4.363,1.549,4.904,6.992,4.997,2.546,0.97,1.906,2.758,1.923,0.963,0.339,0.562,0.846,0.572,0.265,0.119
Haiti,Suécia,11.845,14.112,74.043,1.794,5.03,7.116,7.102,5.298,1.927,5.635,8.112,8.009,5.91,1.14,3.245,4.502,4.568,3.31,0.421,1.286,1.728,1.717,1.327,0.137,0.34,0.479,0.542,0.408
Haiti,Bélgica,5.354,12.029,82.617,3.877,9.901,13.479,12.366,8.682,2.09,5.557,7.61,6.78,4.902,0.56,1.612,2.166,2.002,1.407,0.127,0.315,0.438,0.383,0.275,0.017,0.047,0.052,0.068,0.044
Haiti,Egito,15.493,22.509,61.998,7.825,13.902,12.166,7.548,3.385,5.878,10.375,9.326,5.634,2.643,2.257,4.012,3.665,2.191,0.965,0.638,0.996,0.923,0.577,0.281,0.136,0.208,0.187,0.112,0.063
Haiti,Irã,18.511,22.895,58.594,6.962,12.203,10.801,6.538,2.973,6.069,10.693,9.407,5.705,2.736,2.703,4.785,4.316,2.596,1.202,0.874,1.437,1.339,0.811,0.357,0.211,0.341,0.316,0.166,0.107
Haiti,Nova Zelândia,35.724,22.591,41.685,3.777,6.556,5.468,3.19,1.43,5.948,9.956,8.359,4.896,2.162,4.756,7.568,6.501,3.728,1.717,2.477,4.063,3.467,1.954,0.89,0.991,1.699,1.461,0.81,0.365
Haiti,Espanha,1.301,4.66,94.039,1.484,5.536,10.465,13.084,12.657,0.559,2.143,3.953,5.175,4.962,0.11,0.423,0.861,1.041,1.051,0.016,0.055,0.095,0.164,0.134,0.001,0.011,0.014,0.014,0.007
Haiti,Uruguai,8.114,16.871,75.015,6.371,13.43,15.093,11.035,6.204,3.566,7.645,8.356,6.164,3.538,1.013,2.194,2.478,1.774,1.061,0.18,0.453,0.438,0.351,0.194,0.036,0.069,0.073,0.054,0.024
Haiti,Arábia Saudita,26.854,28.097,45.049,10.966,14.087,9.106,3.969,1.29,10.069,12.709,8.133,3.649,1.236,4.723,6.044,3.865,1.661,0.542,1.502,1.831,1.22,0.511,0.152,0.337,0.413,0.282,0.141,0.046
Haiti,Cabo Verde,24.66,27.774,47.566,11.02,14.462,9.65,4.471,1.551,9.44,12.42,8.458,3.788,1.352,4.198,5.582,3.744,1.747,0.604,1.304,1.631,1.143,0.551,0.193,0.301,0.428,0.244,0.117,0.036
Haiti,França,1.787,5.259,92.954,1.457,5.416,9.915,12.521,11.835,0.693,2.493,4.551,5.66,5.522,0.155,0.575,1.056,1.449,1.37,0.04,0.081,0.169,0.226,0.212,0.001,0.012,0.027,0.025,0.024
Haiti,Senegal,8.387,13.686,77.927,3.273,8.794,11.572,10.138,6.766,2.627,6.414,8.607,7.569,5.188,1.012,2.397,3.133,2.818,1.943,0.243,0.639,0.854,0.737,0.502,0.06,0.118,0.198,0.128,0.111
Haiti,Noruega,5.245,8.422,86.333,1.03,3.595,6.561,7.845,7.489,0.957,3.237,5.885,7.521,6.767,0.405,1.549,2.811,3.367,3.201,0.124,0.482,0.898,1.058,1.03,0.039,0.108,0.221,0.25,0.235
Haiti,Iraque,33.585,26.018,40.397,7.374,10.1,6.933,3.286,1.177,9.027,12.212,8.295,3.931,1.452,5.593,7.493,5.228,2.516,0.838,2.343,3.138,2.197,1.05,0.354,0.726,1.059,0.7,0.337,0.142
Haiti,Argentina,1.271,5.111,93.618,1.954,6.745,11.74,14.369,13.331,0.662,2.312,4.099,4.932,4.496,0.099,0.365,0.723,0.882,0.79,0.012,0.04,0.072,0.112,0.099,0.0,0.006,0.004,0.007,0.009
Haiti,Áustria,8.76,14.384,76.856,3.355,8.461,11.231,9.812,6.668,2.521,6.589,8.529,7.594,5.126,0.945,2.652,3.458,2.923,1.945,0.267,0.727,0.908,0.845,0.529,0.059,0.158,0.177,0.2,0.124
Haiti,Argélia,13.615,17.916,68.469,3.907,9.071,10.321,7.899,4.73,3.672,8.319,9.578,7.241,4.414,1.712,3.799,4.431,3.365,2.031,0.521,1.21,1.376,1.087,0.634,0.121,0.294,0.364,0.249,0.154
Haiti,Jordânia,24.082,21.863,54.055,4.426,8.451,7.911,5.283,2.533,5.327,9.942,9.32,6.103,3.058,3.204,6.069,5.682,3.77,1.826,1.351,2.437,2.418,1.559,0.741,0.434,0.782,0.745,0.429,0.23
Haiti,Portugal,2.676,6.838,90.486,1.811,6.13,10.666,12.556,10.972,0.97,3.217,5.643,6.499,5.681,0.261,0.846,1.467,1.655,1.5,0.055,0.159,0.244,0.307,0.299,0.006,0.026,0.043,0.047,0.032
Haiti,Colômbia,3.209,8.64,88.151,2.784,8.5,12.911,13.356,10.721,1.364,4.004,6.126,6.514,5.174,0.319,0.944,1.54,1.539,1.229,0.066,0.161,0.234,0.275,0.224,0.008,0.03,0.037,0.034,0.034
Haiti,Uzbequistão,28.967,24.604,46.429,6.29,9.672,7.572,4.147,1.768,7.329,11.497,9.133,4.906,2.027,4.415,6.898,5.456,2.91,1.188,1.838,2.761,2.289,1.186,0.505,0.587,0.885,0.682,0.354,0.156
Haiti,RD Congo,15.481,25.691,58.828,11.764,17.314,13.132,6.832,2.753,7.264,10.851,8.366,4.373,1.781,2.398,3.51,2.765,1.355,0.53,0.484,0.781,0.594,0.292,0.138,0.088,0.149,0.114,0.047,0.018
Haiti,Inglaterra,2.64,7.98,89.38,2.885,8.6,13.483,14.419,11.369,1.182,3.66,5.63,5.925,4.657,0.255,0.804,1.216,1.247,1.049,0.043,0.117,0.178,0.2,0.146,0.003,0.012,0.018,0.022,0.018
Haiti,Croácia,7.39,13.238,79.372,3.255,8.616,11.712,10.526,7.44,2.431,6.177,8.313,7.576,5.124,0.873,2.142,3.058,2.645,1.882,0.212,0.514,0.697,0.647,0.459,0.034,0.113,0.138,0.129,0.094
Haiti,Gana,20.59,24.739,54.671,8.4,13.108,10.636,5.717,2.44,7.335,11.376,9.317,5.113,2.082,3.233,5.021,4.158,2.25,0.92,0.987,1.585,1.225,0.726,0.296,0.2,0.342,0.246,0.156,0.076
Haiti,Panamá,21.652,23.193,55.155,6.69,11.395,10.08,5.816,2.532,6.626,10.947,9.449,5.5,2.454,3.234,5.511,4.6,2.795,1.221,1.087,1.812,1.553,0.846,0.429,0.321,0.472,0.409,0.236,0.103
EUA,Austrália,32.673,27.682,39.645,9.517,11.644,7.387,3.186,1.036,10.384,12.898,8.01,3.434,1.083,5.818,7.13,4.462,1.922,0.65,2.22,2.702,1.671,0.736,0.251,0.607,0.765,0.476,0.243,0.066
EUA,Paraguai,40.163,27.65,32.187,9.593,10.432,5.694,2.124,0.648,11.759,12.873,6.967,2.566,0.727,7.642,8.056,4.377,1.644,0.514,3.23,3.499,1.942,0.747,0.205,1.03,1.136,0.635,0.195,0.056
EUA,Turquia,45.262,22.636,32.102,3.867,5.544,4.202,2.082,0.78,6.624,10.019,7.274,3.592,1.415,6.041,8.558,6.463,3.273,1.259,3.758,5.325,4.001,1.939,0.796,1.707,2.491,1.872,0.935,0.303
EUA,Alemanha,20.006,17.738,62.256,1.918,4.75,5.987,5.205,3.382,2.627,6.608,8.243,7.267,4.689,1.833,4.649,6.002,5.143,3.35,0.927,2.335,2.917,2.475,1.58,0.348,0.861,1.051,0.925,0.619
EUA,Equador,28.198,32.148,39.654,16.008,15.914,8.508,2.953,0.793,12.791,13.067,6.691,2.335,0.678,5.291,5.271,2.779,0.981,0.259,1.481,1.545,0.769,0.275,0.081,0.311,0.293,0.164,0.084,0.018
EUA,Costa do Marfim,45.16,26.87,27.97,8.959,9.118,4.799,1.593,0.465,12.243,12.522,6.427,2.274,0.615,8.427,8.732,4.568,1.592,0.421,3.988,4.136,2.103,0.731,0.206,1.529,1.465,0.758,0.253,0.084
EUA,Curaçao,81.158,11.995,6.847,2.775,1.975,0.757,0.179,0.03,7.435,5.514,2.156,0.519,0.103,10.807,7.903,2.874,0.741,0.131,10.343,7.659,2.836,0.711,0.166,7.906,5.671,2.071,0.568,0.117
EUA,Holanda,18.793,19.032,62.175,3.079,6.692,7.856,6.112,3.624,3.571,8.095,9.245,7.204,4.181,2.182,4.866,5.686,4.448,2.591,0.878,1.946,2.257,1.767,1.102,0.281,0.616,0.708,0.602,0.368
EUA,Japão,22.06,21.383,56.557,4.314,8.52,8.385,5.648,2.842,4.94,9.552,9.593,6.407,3.263,2.836,5.812,5.69,3.723,1.97,1.156,2.233,2.229,1.564,0.729,0.353,0.643,0.673,0.462,0.241
EUA,Tunísia,66.464,18.889,14.647,4.574,4.056,1.941,0.606,0.154,9.885,8.698,4.067,1.281,0.31,10.732,9.785,4.486,1.38,0.344,7.838,6.977,3.268,0.99,0.26,4.305,3.812,1.815,0.574,0.127
EUA,Suécia,46.042,19.909,34.049,1.776,3.322,3.051,1.975,0.895,3.918,7.064,6.476,4.141,1.943,4.194,7.616,7.001,4.337,2.159,3.071,5.553,5.05,3.092,1.517,1.623,3.156,2.852,1.787,0.821
EUA,Bélgica,23.53,23.468,53.002,6.205,10.615,9.034,5.275,2.366,6.324,10.949,9.524,5.414,2.464,3.567,5.907,5.036,2.952,1.359,1.273,2.181,1.872,1.125,0.519,0.364,0.622,0.519,0.314,0.142
EUA,Egito,44.685,25.734,29.581,7.547,8.449,4.796,1.783,0.592,10.778,12.095,7.07,2.698,0.775,7.883,8.898,5.0,1.909,0.561,3.949,4.368,2.476,0.979,0.263,1.473,1.73,0.895,0.341,0.106
EUA,Irã,50.894,23.549,25.557,5.905,6.752,3.735,1.466,0.405,9.996,11.091,6.35,2.474,0.697,8.508,9.34,5.189,2.038,0.612,4.813,5.459,3.053,1.179,0.335,2.213,2.337,1.333,0.522,0.173
EUA,Nova Zelândia,75.759,13.524,10.717,1.805,1.829,1.05,0.386,0.099,5.073,5.389,3.002,1.08,0.321,7.551,7.929,4.352,1.548,0.476,7.528,7.864,4.202,1.594,0.451,5.667,6.056,3.248,1.209,0.328
EUA,Espanha,9.845,15.916,74.239,4.2,9.842,12.123,9.757,6.096,3.165,7.399,8.867,7.21,4.614,1.143,2.814,3.461,2.811,1.716,0.312,0.773,0.921,0.739,0.426,0.052,0.159,0.197,0.166,0.105
EUA,Uruguai,29.402,26.402,44.196,8.551,11.699,8.253,3.833,1.422,9.173,12.35,8.631,4.039,1.436,4.88,6.806,4.625,2.217,0.77,1.872,2.477,1.745,0.782,0.3,0.503,0.712,0.484,0.224,0.09
EUA,Arábia Saudita,60.023,23.013,16.964,7.68,6.277,2.499,0.705,0.171,13.406,10.862,4.314,1.172,0.265,11.833,9.36,3.827,1.077,0.223,6.874,5.596,2.289,0.582,0.116,3.225,2.541,1.0,0.289,0.057
EUA,Cabo Verde,57.235,23.905,18.86,8.128,6.767,2.885,0.853,0.167,13.141,11.158,4.698,1.373,0.296,11.142,9.361,3.908,1.191,0.264,6.395,5.3,2.225,0.661,0.156,2.801,2.334,0.953,0.292,0.047
EUA,França,12.378,16.939,70.683,3.73,8.898,10.611,8.441,5.209,3.303,7.799,9.271,7.53,4.58,1.523,3.525,4.213,3.233,2.118,0.492,1.1,1.281,1.015,0.626,0.106,0.268,0.303,0.245,0.157
EUA,Senegal,33.24,23.378,43.382,4.535,7.423,6.147,3.564,1.519,6.495,10.538,8.682,5.068,2.167,4.636,7.548,6.275,3.593,1.46,2.217,3.624,3.025,1.727,0.767,0.832,1.413,1.101,0.633,0.27
EUA,Noruega,29.347,19.312,51.341,1.615,3.837,4.43,3.384,2.103,2.869,6.593,7.745,6.022,3.664,2.507,5.791,6.764,5.436,3.243,1.533,3.403,4.068,3.291,1.85,0.694,1.586,1.924,1.424,0.864
EUA,Iraque,70.826,17.117,12.057,4.029,3.434,1.447,0.444,0.095,9.435,7.928,3.404,1.097,0.227,10.92,9.269,4.117,1.191,0.279,8.59,7.433,3.158,0.906,0.203,5.238,4.48,1.953,0.59,0.121
EUA,Argentina,8.965,16.409,74.626,5.154,11.856,13.517,10.63,6.208,3.366,7.7,8.607,6.767,3.961,1.147,2.561,2.961,2.258,1.351,0.252,0.523,0.716,0.538,0.322,0.028,0.097,0.124,0.092,0.052
EUA,Áustria,34.85,22.977,42.173,4.127,7.032,5.765,3.317,1.521,6.334,10.158,8.638,4.823,2.168,4.734,7.64,6.406,3.501,1.558,2.359,3.957,3.272,1.918,0.801,0.907,1.609,1.307,0.689,0.331
EUA,Argélia,45.078,22.662,32.26,4.101,5.858,4.305,2.135,0.8,7.002,10.025,7.297,3.621,1.343,6.289,8.777,6.289,3.162,1.201,3.744,5.155,3.737,1.898,0.69,1.642,2.403,1.818,0.86,0.322
EUA,Jordânia,62.086,18.87,19.044,3.025,3.564,2.198,0.892,0.277,6.65,8.027,4.954,2.028,0.643,7.806,9.397,5.634,2.37,0.711,6.068,7.261,4.429,1.789,0.556,3.427,4.261,2.527,1.037,0.333
EUA,Portugal,16.096,19.006,64.898,4.074,8.781,9.618,7.245,4.096,4.14,8.784,9.575,7.228,4.051,1.993,4.391,4.786,3.619,2.005,0.704,1.524,1.616,1.184,0.685,0.19,0.356,0.446,0.344,0.158
EUA,Colômbia,17.199,21.084,61.717,5.551,10.762,10.601,7.143,3.566,5.192,10.011,9.708,6.269,3.319,2.42,4.435,4.419,2.908,1.438,0.792,1.46,1.44,0.976,0.474,0.192,0.364,0.356,0.228,0.116
EUA,Uzbequistão,66.914,18.135,14.951,3.656,3.617,1.79,0.647,0.18,8.417,8.364,4.122,1.439,0.363,9.602,9.322,4.696,1.677,0.404,7.488,7.363,3.759,1.211,0.326,4.463,4.255,2.155,0.745,0.183
EUA,RD Congo,42.128,28.657,29.215,11.341,10.879,5.115,1.711,0.453,13.708,12.845,6.452,2.034,0.529,8.265,8.054,3.872,1.275,0.316,3.449,3.304,1.534,0.565,0.112,1.132,1.017,0.536,0.163,0.032
EUA,Inglaterra,14.03,20.175,65.795,6.114,11.958,12.103,8.278,4.08,4.663,9.469,9.548,6.351,3.29,1.997,3.848,3.787,2.571,1.362,0.548,1.052,1.044,0.72,0.359,0.136,0.242,0.211,0.135,0.081
EUA,Croácia,31.023,23.1,45.877,4.556,7.812,6.609,3.813,1.659,6.213,10.488,8.986,5.211,2.334,4.19,7.275,6.064,3.605,1.648,2.015,3.376,2.869,1.7,0.741,0.696,1.239,1.058,0.619,0.264
EUA,Gana,53.202,23.944,22.854,6.862,6.831,3.497,1.22,0.338,11.112,11.164,5.611,1.994,0.535,9.589,9.368,4.85,1.691,0.429,5.342,5.465,2.79,0.942,0.236,2.313,2.415,1.143,0.428,0.118
EUA,Panamá,55.741,22.188,22.071,5.249,5.656,3.138,1.183,0.357,9.533,10.171,5.736,2.037,0.564,8.827,9.705,5.347,1.925,0.563,5.657,6.156,3.356,1.249,0.348,2.787,2.966,1.599,0.638,0.155
Paraguai,Austrália,26.685,34.64,38.675,19.82,17.979,8.219,2.674,0.635,13.713,12.541,5.804,1.743,0.413,4.936,4.496,2.101,0.68,0.155,1.225,1.115,0.502,0.17,0.036,0.237,0.217,0.103,0.033,0.008
Austrália,Turquia,44.452,27.833,27.715,10.447,9.772,4.879,1.574,0.4,13.474,12.758,6.222,2.135,0.525,8.697,8.247,3.948,1.336,0.345,3.863,3.736,1.792,0.621,0.157,1.334,1.298,0.586,0.183,0.056
Austrália,Alemanha,23.802,24.108,52.09,6.755,10.988,9.118,5.118,2.285,6.913,11.407,9.435,5.348,2.268,3.726,5.885,4.808,2.678,1.192,1.335,2.101,1.756,1.009,0.45,0.309,0.548,0.479,0.256,0.118
Austrália,Equador,27.445,40.628,31.927,28.395,18.812,6.2,1.48,0.273,16.705,11.051,3.756,0.847,0.156,5.189,3.238,1.121,0.272,0.04,1.0,0.704,0.237,0.058,0.012,0.175,0.097,0.046,0.008,0.003
Austrália,Costa do Marfim,42.521,33.671,23.808,18.848,12.231,4.364,1.021,0.181,18.467,12.508,4.117,0.962,0.175,9.36,6.361,2.118,0.53,0.084,3.313,2.136,0.747,0.189,0.031,0.909,0.538,0.211,0.047,0.008
Austrália,Curaçao,75.7,17.136,7.164,7.513,3.612,0.842,0.139,0.024,15.644,7.461,1.758,0.307,0.047,16.564,7.788,1.939,0.348,0.05,11.606,5.665,1.405,0.209,0.028,6.341,2.989,0.683,0.135,0.013
Austrália,Holanda,22.401,25.748,51.851,9.203,13.611,10.218,5.044,2.135,8.153,11.839,9.085,4.698,1.793,3.576,5.271,4.006,1.982,0.826,1.156,1.699,1.207,0.623,0.269,0.256,0.42,0.273,0.14,0.075
Austrália,Japão,24.901,28.353,46.746,11.775,14.877,9.738,4.214,1.406,9.94,12.594,8.259,3.596,1.25,4.277,5.556,3.466,1.47,0.559,1.299,1.546,1.098,0.464,0.154,0.293,0.32,0.252,0.111,0.053
Austrália,Tunísia,61.721,24.587,13.692,11.418,6.708,2.025,0.414,0.064,17.581,10.394,3.088,0.6,0.1,14.012,8.339,2.466,0.522,0.089,7.759,4.461,1.331,0.297,0.041,3.192,1.806,0.529,0.11,0.012
Austrália,Suécia,46.293,24.409,29.298,6.327,7.448,4.487,1.769,0.588,9.941,11.291,6.965,2.807,0.926,7.598,8.848,5.388,2.28,0.773,4.123,4.922,2.954,1.21,0.352,1.692,1.987,1.223,0.481,0.184
Austrália,Bélgica,25.717,30.762,43.521,15.115,16.59,9.363,3.556,1.043,11.618,12.532,7.16,2.768,0.847,4.626,5.087,2.799,1.124,0.31,1.296,1.393,0.796,0.294,0.085,0.25,0.298,0.142,0.065,0.02
Austrália,Egito,43.036,32.085,24.879,16.572,12.157,4.4,1.118,0.194,17.563,12.647,4.647,1.217,0.225,9.491,6.773,2.628,0.629,0.136,3.355,2.453,0.924,0.224,0.032,0.953,0.648,0.242,0.068,0.014
Austrália,Irã,48.289,29.808,21.903,14.136,10.107,3.716,0.978,0.166,17.125,12.465,4.565,1.152,0.226,10.655,7.54,2.876,0.719,0.126,4.515,3.142,1.24,0.311,0.048,1.447,1.097,0.392,0.095,0.018
Austrália,Nova Zelândia,71.267,17.961,10.772,5.677,3.921,1.392,0.335,0.062,12.209,8.557,3.063,0.703,0.136,13.103,9.109,3.106,0.808,0.158,9.545,6.517,2.423,0.562,0.108,5.502,3.596,1.265,0.323,0.055
Austrália,Espanha,12.829,24.403,62.768,11.951,18.597,14.455,7.771,3.435,6.474,10.073,7.858,4.393,1.78,1.832,2.909,2.135,1.245,0.483,0.344,0.552,0.429,0.232,0.095,0.068,0.094,0.056,0.035,0.012
Austrália,Uruguai,29.593,33.976,36.431,18.646,16.649,7.432,2.446,0.586,14.358,12.854,5.798,1.798,0.475,5.677,5.113,2.285,0.745,0.152,1.543,1.316,0.645,0.18,0.05,0.306,0.284,0.153,0.042,0.011
Austrália,Arábia Saudita,55.574,29.101,15.325,16.183,8.574,2.293,0.444,0.054,20.725,10.954,2.912,0.548,0.074,13.64,7.037,1.801,0.325,0.049,5.819,3.099,0.827,0.159,0.024,1.893,1.051,0.294,0.045,0.004
Austrália,Cabo Verde,53.228,30.103,16.669,16.937,9.216,2.526,0.459,0.075,20.498,11.063,3.168,0.602,0.087,12.851,6.653,1.951,0.4,0.061,5.442,2.895,0.848,0.146,0.036,1.78,0.935,0.276,0.057,0.005
Austrália,França,15.462,25.666,58.872,11.132,16.902,13.059,6.885,2.844,7.008,11.261,8.378,4.473,1.814,2.359,3.697,2.942,1.434,0.593,0.535,0.788,0.624,0.304,0.106,0.098,0.128,0.107,0.05,0.025
Austrália,Senegal,34.187,29.535,36.278,11.94,12.724,6.987,2.685,0.7,12.204,13.231,7.152,2.675,0.761,6.373,7.062,3.812,1.416,0.421,2.444,2.455,1.364,0.497,0.136,0.636,0.667,0.363,0.124,0.052
Austrália,Noruega,32.42,24.698,42.882,5.907,8.96,6.921,3.556,1.465,7.695,11.587,8.704,4.579,1.778,4.949,7.388,5.694,2.922,1.17,2.193,3.288,2.593,1.301,0.544,0.772,1.103,0.796,0.47,0.197
Austrália,Iraque,65.588,22.591,11.821,10.233,5.76,1.582,0.312,0.042,17.432,9.693,2.785,0.573,0.088,14.883,8.145,2.375,0.527,0.073,8.587,4.741,1.409,0.273,0.042,3.92,2.227,0.597,0.119,0.017
Austrália,Argentina,11.799,25.536,62.665,13.952,20.59,15.305,7.675,3.007,6.705,9.663,7.269,3.704,1.535,1.649,2.339,1.787,0.921,0.373,0.285,0.386,0.287,0.129,0.068,0.029,0.053,0.036,0.018,0.005
Austrália,Áustria,35.755,29.031,35.214,11.377,11.995,6.669,2.57,0.67,12.338,13.097,7.143,2.707,0.762,6.628,7.325,3.961,1.507,0.429,2.572,2.67,1.5,0.544,0.146,0.757,0.787,0.398,0.143,0.05
Austrália,Argélia,44.46,28.206,27.334,10.858,9.931,4.868,1.561,0.376,13.496,12.814,6.013,1.967,0.537,8.923,8.226,3.906,1.251,0.35,3.867,3.73,1.754,0.569,0.146,1.305,1.183,0.595,0.189,0.056
Austrália,Jordânia,58.669,23.817,17.514,8.566,6.566,2.65,0.758,0.158,14.071,11.034,4.389,1.232,0.249,11.715,9.178,3.58,1.032,0.214,6.7,5.337,2.091,0.574,0.115,2.91,2.234,0.863,0.252,0.061
Austrália,Portugal,19.051,27.06,53.889,11.612,16.337,11.445,5.668,2.096,8.308,11.912,8.399,4.207,1.623,3.054,4.302,3.122,1.598,0.56,0.79,1.093,0.793,0.386,0.171,0.145,0.198,0.177,0.062,0.027
Austrália,Colômbia,19.662,29.135,51.203,14.373,17.839,11.636,5.013,1.721,9.528,11.855,7.612,3.31,1.145,3.232,4.018,2.588,1.211,0.414,0.765,0.964,0.57,0.3,0.088,0.144,0.174,0.125,0.061,0.019
Austrália,Uzbequistão,62.402,23.234,14.364,9.717,6.393,2.144,0.438,0.078,15.975,10.189,3.478,0.741,0.138,13.685,8.77,2.914,0.679,0.118,7.749,4.952,1.607,0.385,0.079,3.414,2.213,0.699,0.164,0.027
Austrália,RD Congo,39.696,35.819,24.485,21.992,13.655,4.374,0.976,0.155,19.182,12.014,3.768,0.872,0.135,8.89,5.367,1.693,0.404,0.068,2.667,1.602,0.522,0.111,0.019,0.648,0.388,0.124,0.026,0.008
Austrália,Inglaterra,16.834,28.854,54.312,15.186,19.426,12.719,5.716,1.962,8.835,11.326,7.416,3.398,1.107,2.675,3.307,2.12,0.963,0.296,0.548,0.682,0.439,0.206,0.065,0.096,0.109,0.068,0.028,0.015
Austrália,Croácia,32.237,29.457,38.306,11.975,13.371,7.431,2.78,0.838,12.121,13.151,7.398,2.924,0.858,5.928,6.73,3.793,1.449,0.412,2.063,2.136,1.255,0.504,0.152,0.542,0.602,0.346,0.113,0.034
Austrália,Gana,50.022,30.031,19.947,15.265,9.99,3.267,0.744,0.133,18.366,12.023,3.992,0.874,0.169,11.426,7.372,2.495,0.551,0.106,4.692,3.252,1.011,0.232,0.05,1.513,1.019,0.317,0.068,0.016
Austrália,Panamá,52.652,27.778,19.57,12.466,8.736,3.253,0.754,0.126,17.087,12.001,4.349,1.097,0.206,11.608,7.961,2.972,0.745,0.147,5.437,3.723,1.325,0.324,0.06,1.976,1.415,0.51,0.117,0.013
Turquia,Paraguai,34.127,28.625,37.248,10.685,12.081,7.11,2.736,0.938,11.608,13.16,7.463,2.913,0.897,6.284,7.15,4.118,1.687,0.466,2.317,2.645,1.518,0.611,0.19,0.64,0.747,0.425,0.176,0.051
Alemanha,Paraguai,60.084,22.001,17.915,6.313,5.577,2.565,0.799,0.179,11.188,10.186,4.793,1.47,0.379,10.836,9.55,4.523,1.402,0.293,6.853,6.069,2.865,0.86,0.22,3.328,2.879,1.348,0.401,0.109
Paraguai,Equador,22.785,40.125,37.09,28.118,20.619,8.011,2.105,0.448,14.304,10.856,4.109,1.085,0.238,3.87,2.913,1.089,0.291,0.051,0.753,0.527,0.192,0.058,0.003,0.09,0.082,0.025,0.009,0.003
Paraguai,Costa do Marfim,36.386,34.482,29.132,19.317,14.533,5.557,1.428,0.26,16.802,12.738,4.977,1.31,0.248,7.653,5.664,2.23,0.545,0.116,2.359,1.729,0.74,0.19,0.037,0.576,0.386,0.179,0.032,0.007
Paraguai,Curaçao,68.893,20.852,10.255,9.258,5.094,1.37,0.229,0.025,16.664,9.019,2.495,0.449,0.056,15.089,8.335,2.292,0.419,0.059,9.854,5.184,1.41,0.268,0.033,4.51,2.501,0.646,0.129,0.015
Paraguai,Holanda,16.923,23.495,59.582,8.539,14.135,12.145,6.885,3.068,6.56,10.808,9.196,5.234,2.399,2.548,4.366,3.531,2.112,0.871,0.661,1.064,0.899,0.565,0.223,0.157,0.235,0.191,0.105,0.048
Paraguai,Japão,19.14,26.654,54.206,11.24,15.891,11.58,5.853,2.163,8.086,11.74,8.558,4.336,1.602,3.028,4.49,3.264,1.59,0.616,0.76,1.109,0.83,0.379,0.149,0.165,0.273,0.197,0.076,0.031
Paraguai,Tunísia,54.306,27.509,18.185,12.947,8.561,2.961,0.683,0.131,17.473,11.453,3.971,0.863,0.142,12.099,8.026,2.814,0.621,0.117,5.729,3.886,1.323,0.277,0.058,2.02,1.454,0.485,0.104,0.018
Paraguai,Suécia,38.183,25.101,36.716,6.566,8.738,5.943,2.736,0.988,8.932,11.729,7.982,3.757,1.309,6.108,8.071,5.413,2.451,0.906,2.826,3.929,2.712,1.223,0.449,1.099,1.492,0.958,0.461,0.159
Paraguai,Bélgica,20.051,29.511,50.438,14.515,18.124,11.134,4.894,1.599,9.526,12.06,7.618,3.32,1.011,3.328,4.169,2.636,1.178,0.342,0.772,1.005,0.633,0.28,0.094,0.166,0.184,0.103,0.06,0.02
Paraguai,Egito,36.152,33.092,30.756,17.159,14.278,5.947,1.681,0.347,15.685,13.159,5.483,1.538,0.339,7.594,6.111,2.517,0.735,0.16,2.379,1.938,0.819,0.244,0.047,0.571,0.459,0.211,0.059,0.013
Paraguai,Irã,41.198,31.089,27.713,14.879,12.157,5.13,1.514,0.339,15.713,13.026,5.418,1.538,0.368,8.501,7.097,2.872,0.844,0.177,3.329,2.693,1.144,0.289,0.056,0.898,0.77,0.326,0.111,0.023
Paraguai,Nova Zelândia,63.76,21.304,14.936,6.858,5.338,2.108,0.573,0.122,12.712,10.001,3.906,1.137,0.209,12.041,9.386,3.748,1.017,0.234,7.754,5.838,2.362,0.633,0.154,3.893,3.055,1.19,0.312,0.061
Paraguai,Espanha,9.495,21.129,69.376,10.313,18.311,16.198,9.988,4.528,4.995,8.717,7.586,4.71,2.132,1.225,2.186,1.906,1.22,0.564,0.215,0.373,0.32,0.18,0.095,0.018,0.062,0.053,0.028,0.013
Paraguai,Uruguai,24.216,32.874,42.91,18.019,18.591,9.322,3.366,0.851,12.227,12.381,6.459,2.206,0.617,4.411,4.384,2.286,0.77,0.235,1.038,1.035,0.507,0.182,0.052,0.193,0.185,0.11,0.034,0.006
Paraguai,Arábia Saudita,48.349,31.992,19.659,18.117,10.807,3.244,0.649,0.112,19.903,11.682,3.495,0.727,0.101,11.126,6.658,2.017,0.405,0.055,4.324,2.568,0.762,0.172,0.029,1.319,0.734,0.188,0.034,0.004
Paraguai,Cabo Verde,46.223,32.646,21.131,18.481,11.362,3.536,0.781,0.137,19.392,12.061,3.8,0.813,0.133,10.531,6.432,1.942,0.428,0.067,4.006,2.416,0.773,0.16,0.022,1.177,0.639,0.188,0.04,0.002
Paraguai,França,11.434,22.085,66.481,9.729,16.926,14.923,8.935,4.082,5.502,9.574,8.428,5.029,2.22,1.623,2.692,2.454,1.476,0.626,0.326,0.543,0.459,0.301,0.129,0.055,0.077,0.075,0.043,0.026
Paraguai,Senegal,27.837,28.63,43.533,11.608,14.429,8.77,3.666,1.181,10.605,12.884,7.938,3.407,1.024,4.966,5.92,3.607,1.508,0.484,1.565,1.959,1.209,0.487,0.174,0.382,0.516,0.274,0.125,0.043
Paraguai,Noruega,25.263,23.255,51.482,5.79,9.91,8.491,4.856,2.198,6.447,10.758,9.371,5.555,2.496,3.698,6.26,5.308,3.16,1.386,1.505,2.416,2.012,1.234,0.558,0.413,0.78,0.644,0.358,0.151
Paraguai,Iraque,58.682,25.631,15.687,11.656,7.53,2.333,0.558,0.08,17.551,10.988,3.565,0.727,0.138,13.11,8.337,2.654,0.549,0.096,6.841,4.272,1.36,0.312,0.056,2.751,1.63,0.541,0.121,0.021
Paraguai,Argentina,8.594,22.09,69.316,12.149,20.145,17.301,9.854,4.311,4.964,8.337,7.127,4.1,1.879,1.055,1.836,1.48,0.887,0.395,0.158,0.26,0.212,0.119,0.067,0.023,0.035,0.018,0.018,0.005
Paraguai,Áustria,28.914,28.795,42.291,11.289,13.661,8.522,3.469,1.117,10.583,13.107,7.92,3.281,1.069,5.293,6.214,3.817,1.606,0.51,1.743,2.058,1.314,0.533,0.163,0.372,0.496,0.302,0.132,0.047
Paraguai,Argélia,36.78,28.752,34.468,11.149,11.98,6.502,2.35,0.675,12.242,12.934,7.121,2.549,0.772,7.05,7.467,4.077,1.449,0.377,2.736,2.81,1.491,0.55,0.163,0.851,0.798,0.47,0.166,0.04
Paraguai,Jordânia,51.122,26.247,22.631,9.461,8.247,3.703,1.107,0.249,13.947,12.106,5.348,1.626,0.384,10.006,8.808,4.044,1.277,0.292,5.109,4.561,1.959,0.577,0.148,2.014,1.647,0.822,0.237,0.057
Paraguai,Portugal,14.386,24.273,61.341,10.514,16.844,13.693,7.404,3.066,6.586,10.619,8.399,4.765,1.966,2.123,3.421,2.781,1.511,0.646,0.458,0.778,0.603,0.338,0.162,0.076,0.14,0.084,0.055,0.02
Paraguai,Colômbia,15.363,26.668,57.969,13.116,18.417,13.445,6.728,2.525,7.799,10.913,7.877,3.985,1.476,2.319,3.263,2.353,1.16,0.417,0.464,0.696,0.451,0.275,0.09,0.089,0.12,0.074,0.042,0.011
Paraguai,Uzbequistão,54.647,26.332,19.021,10.991,8.22,3.047,0.753,0.161,15.966,11.644,4.373,1.067,0.229,11.768,8.359,3.257,0.785,0.168,5.941,4.29,1.593,0.412,0.099,2.275,1.627,0.608,0.171,0.028
Paraguai,RD Congo,33.895,36.881,29.224,22.562,15.836,5.538,1.452,0.259,17.745,12.448,4.322,1.028,0.2,6.867,4.691,1.749,0.407,0.078,1.838,1.31,0.467,0.115,0.019,0.397,0.308,0.102,0.023,0.007
Paraguai,Inglaterra,12.864,26.216,60.92,13.822,19.907,14.655,7.484,2.85,6.98,10.209,7.577,3.648,1.425,1.846,2.739,2.004,0.972,0.349,0.314,0.432,0.36,0.17,0.074,0.045,0.054,0.052,0.024,0.011
Paraguai,Croácia,26.127,28.443,45.43,11.639,14.731,9.237,4.167,1.293,10.236,12.716,8.122,3.494,1.134,4.583,5.735,3.595,1.527,0.544,1.416,1.689,1.115,0.457,0.141,0.323,0.416,0.26,0.108,0.034
Paraguai,Gana,42.914,31.816,25.27,16.372,12.062,4.576,1.172,0.238,17.202,12.627,4.76,1.272,0.253,9.231,6.846,2.581,0.645,0.123,3.428,2.521,1.003,0.222,0.046,0.966,0.744,0.271,0.076,0.013
Paraguai,Panamá,45.403,29.81,24.787,13.696,10.913,4.365,1.148,0.24,15.932,12.549,5.224,1.4,0.302,9.753,7.613,3.198,0.783,0.165,3.986,3.044,1.261,0.341,0.075,1.348,1.017,0.366,0.112,0.026
Turquia,Alemanha,15.479,16.318,68.203,2.084,5.33,7.056,6.33,4.28,2.512,6.463,8.519,7.618,5.306,1.474,3.989,5.265,4.743,3.271,0.669,1.643,2.189,1.964,1.401,0.194,0.585,0.73,0.63,0.479
Turquia,Equador,23.628,32.282,44.09,17.184,17.921,9.766,3.596,1.047,11.65,12.447,6.695,2.566,0.696,4.247,4.404,2.438,0.889,0.271,1.033,1.047,0.601,0.197,0.059,0.188,0.199,0.102,0.053,0.016
Turquia,Costa do Marfim,38.739,28.211,33.05,10.494,10.787,6.032,2.207,0.635,12.061,12.944,7.179,2.66,0.754,7.374,7.891,4.124,1.589,0.439,2.953,3.179,1.744,0.599,0.167,0.947,0.968,0.547,0.198,0.05
Turquia,Curaçao,75.155,15.285,9.56,3.862,2.965,1.147,0.281,0.068,9.04,7.142,2.737,0.765,0.153,11.653,8.702,3.393,0.922,0.224,9.683,7.448,2.866,0.77,0.162,6.307,4.74,1.975,0.516,0.111
Turquia,Holanda,14.695,17.418,67.887,3.11,7.387,9.011,7.232,4.477,3.186,7.754,9.389,7.521,4.645,1.729,3.963,4.863,3.96,2.5,0.558,1.512,1.8,1.423,0.896,0.18,0.431,0.471,0.408,0.243
Turquia,Japão,17.673,19.904,62.423,4.504,9.397,9.609,6.846,3.724,4.622,9.248,9.654,6.874,3.688,2.333,4.719,4.828,3.474,1.882,0.841,1.626,1.693,1.134,0.644,0.174,0.472,0.444,0.348,0.178
Turquia,Tunísia,59.233,21.982,18.785,5.895,5.51,2.691,0.877,0.192,10.89,10.226,4.988,1.66,0.416,10.388,9.618,4.72,1.511,0.382,6.56,6.101,2.939,1.018,0.251,3.098,3.056,1.459,0.444,0.117
Turquia,Suécia,38.329,20.843,40.828,2.267,4.321,4.158,2.787,1.368,4.107,7.88,7.497,4.974,2.412,3.742,7.316,7.039,4.506,2.314,2.447,4.757,4.556,2.836,1.453,1.175,2.32,2.119,1.358,0.673
Turquia,Bélgica,19.125,22.654,58.221,6.565,11.682,10.533,6.514,2.968,5.977,10.604,9.532,5.825,2.72,2.886,4.906,4.523,2.733,1.305,0.965,1.516,1.378,0.851,0.381,0.24,0.383,0.346,0.199,0.104
Turquia,Egito,38.295,26.908,34.797,8.699,10.242,6.068,2.499,0.792,10.767,12.665,7.51,3.071,0.997,6.924,7.889,4.669,1.952,0.607,2.946,3.436,2.104,0.795,0.246,1.053,1.16,0.704,0.254,0.074
Turquia,Irã,43.771,25.632,30.597,7.213,8.36,4.956,2.037,0.636,10.218,11.97,6.995,2.828,0.856,7.523,8.629,5.261,2.062,0.653,3.789,4.388,2.648,1.045,0.335,1.46,1.757,1.013,0.384,0.133
Turquia,Nova Zelândia,68.592,16.53,14.878,2.537,2.921,1.567,0.642,0.188,6.176,6.821,3.945,1.526,0.463,7.916,8.925,5.122,1.974,0.574,6.834,7.635,4.39,1.678,0.472,4.563,5.162,2.773,1.134,0.324
Turquia,Espanha,7.478,14.097,78.425,3.975,10.204,13.079,11.215,7.239,2.71,6.72,8.408,7.064,4.556,0.82,2.25,2.784,2.449,1.492,0.2,0.505,0.588,0.542,0.349,0.04,0.088,0.112,0.095,0.07
Turquia,Uruguai,24.336,26.26,49.404,9.257,13.365,9.617,4.762,1.827,8.564,12.153,8.827,4.338,1.631,3.983,5.665,4.151,2.119,0.785,1.367,1.783,1.337,0.616,0.269,0.314,0.464,0.359,0.173,0.079
Turquia,Arábia Saudita,53.025,25.893,21.082,9.604,7.843,3.423,1.006,0.233,14.026,11.739,5.038,1.474,0.336,10.818,8.847,3.895,1.153,0.234,5.386,4.713,2.0,0.6,0.149,2.241,1.796,0.781,0.213,0.054
Turquia,Cabo Verde,50.701,26.444,22.855,9.597,8.442,3.713,1.154,0.253,13.808,12.224,5.514,1.558,0.384,10.15,8.752,3.947,1.164,0.299,5.162,4.353,2.006,0.618,0.131,1.924,1.738,0.732,0.216,0.058
Turquia,França,9.488,15.421,75.091,3.862,9.248,11.59,9.634,6.189,3.0,7.14,8.948,7.468,4.683,1.147,2.736,3.527,2.94,1.929,0.3,0.718,0.939,0.774,0.51,0.062,0.137,0.179,0.134,0.103
Turquia,Senegal,27.221,23.103,49.676,5.057,8.726,7.611,4.618,2.084,6.189,10.51,9.474,5.443,2.526,3.866,6.614,5.841,3.416,1.595,1.586,2.809,2.432,1.428,0.669,0.531,0.904,0.815,0.488,0.243
Turquia,Noruega,23.458,18.198,58.344,1.941,4.569,5.582,4.484,2.787,2.745,6.625,8.361,6.872,4.312,2.227,5.25,6.212,5.183,3.272,1.165,2.809,3.308,2.66,1.746,0.443,1.081,1.311,1.052,0.623
Turquia,Iraque,63.633,20.296,16.071,5.315,4.724,2.198,0.7,0.17,10.71,9.408,4.299,1.402,0.347,10.564,9.666,4.489,1.376,0.32,7.346,6.693,3.08,0.963,0.246,3.84,3.447,1.624,0.53,0.112
Turquia,Argentina,7.08,14.674,78.246,5.06,12.054,14.386,11.65,7.213,2.93,6.859,8.111,6.598,4.232,0.866,2.014,2.334,1.958,1.24,0.17,0.39,0.451,0.379,0.22,0.02,0.07,0.077,0.065,0.039
Turquia,Áustria,28.658,23.084,48.258,4.73,8.38,7.082,4.244,1.952,6.161,10.501,9.287,5.45,2.484,4.014,6.877,6.053,3.581,1.559,1.787,3.047,2.586,1.57,0.696,0.556,0.975,0.907,0.578,0.21
Turquia,Argélia,38.129,23.692,38.179,4.87,7.24,5.536,2.831,1.18,7.239,10.728,8.128,4.175,1.678,5.323,8.247,6.148,3.185,1.338,2.838,4.201,3.29,1.66,0.675,1.153,1.655,1.32,0.698,0.255
Turquia,Jordânia,54.296,21.344,24.36,3.891,4.873,3.095,1.296,0.417,7.533,9.462,6.109,2.552,0.896,7.404,9.494,5.976,2.562,0.892,5.079,6.306,3.925,1.68,0.594,2.569,3.209,1.988,0.878,0.3
Turquia,Portugal,12.48,17.701,69.819,4.271,9.486,10.994,8.482,5.047,3.613,8.226,9.35,7.075,4.353,1.605,3.628,4.117,3.215,1.867,0.451,1.0,1.174,0.955,0.54,0.108,0.229,0.261,0.206,0.121
Turquia,Colômbia,13.432,19.58,66.988,5.845,11.705,11.96,8.387,4.627,4.553,9.102,9.543,6.289,3.546,1.816,3.653,3.832,2.667,1.395,0.496,0.979,1.064,0.701,0.409,0.105,0.231,0.214,0.141,0.09
Turquia,Uzbequistão,59.518,20.96,19.522,4.759,5.015,2.674,0.904,0.272,9.525,9.806,5.179,1.827,0.522,9.278,9.711,4.991,1.827,0.499,6.435,6.444,3.273,1.214,0.319,3.282,3.418,1.738,0.636,0.171
Turquia,RD Congo,36.181,29.827,33.992,12.678,12.71,6.486,2.294,0.605,13.248,13.121,6.828,2.325,0.578,7.098,6.949,3.577,1.241,0.342,2.528,2.569,1.25,0.418,0.134,0.725,0.77,0.375,0.129,0.03
Turquia,Inglaterra,11.128,18.917,69.955,6.207,12.548,13.383,9.303,5.033,4.229,8.855,9.203,6.364,3.544,1.435,3.063,3.232,2.251,1.22,0.379,0.707,0.783,0.577,0.303,0.074,0.141,0.141,0.086,0.041
Turquia,Croácia,25.145,22.764,52.091,5.017,8.928,8.111,4.999,2.294,5.882,10.417,9.677,5.776,2.607,3.61,6.283,5.694,3.476,1.554,1.468,2.513,2.217,1.425,0.646,0.457,0.794,0.709,0.417,0.19
Turquia,Gana,46.438,25.869,27.693,8.082,8.52,4.523,1.644,0.423,11.762,12.019,6.634,2.287,0.632,8.456,8.909,4.756,1.754,0.479,4.285,4.443,2.328,0.915,0.246,1.553,1.625,0.859,0.306,0.085
Turquia,Panamá,48.742,24.261,26.997,6.286,7.193,4.101,1.603,0.481,10.101,11.39,6.575,2.545,0.732,8.176,9.343,5.25,2.085,0.613,4.566,5.246,2.893,1.173,0.353,1.852,2.106,1.222,0.459,0.151
Equador,Alemanha,25.756,29.53,44.714,12.879,15.15,9.206,3.849,1.221,10.58,12.822,7.892,3.334,1.072,4.614,5.419,3.394,1.401,0.458,1.384,1.591,0.988,0.402,0.128,0.28,0.37,0.218,0.099,0.033
Alemanha,Costa do Marfim,65.314,19.899,14.787,5.507,4.686,1.984,0.601,0.124,10.803,9.266,4.063,1.159,0.266,11.213,9.613,4.134,1.231,0.277,7.863,6.603,2.922,0.887,0.181,4.214,3.519,1.561,0.469,0.097
Alemanha,Curaçao,94.101,4.213,1.686,0.746,0.432,0.143,0.021,0.003,3.085,1.818,0.57,0.106,0.023,6.641,3.89,1.205,0.271,0.041,9.467,5.74,1.766,0.357,0.046,10.335,6.049,1.915,0.421,0.075
Alemanha,Holanda,37.357,21.064,41.579,2.421,4.618,4.463,2.856,1.343,4.407,8.068,7.726,5.04,2.377,3.908,7.358,7.086,4.594,2.249,2.382,4.54,4.268,2.766,1.413,1.128,2.071,1.954,1.31,0.631
Alemanha,Japão,40.987,22.351,36.662,3.455,5.56,4.44,2.532,1.121,5.803,9.545,7.657,4.443,1.906,5.261,8.196,6.674,3.67,1.554,3.067,4.835,3.888,2.18,0.962,1.293,2.23,1.802,1.017,0.434
Alemanha,Tunísia,84.826,9.755,5.419,1.854,1.394,0.549,0.135,0.03,5.909,4.37,1.721,0.443,0.088,9.734,7.026,2.68,0.689,0.156,10.312,7.652,2.829,0.714,0.126,8.265,6.229,2.348,0.63,0.118
Alemanha,Suécia,70.864,14.021,15.115,0.916,1.262,1.014,0.508,0.205,2.84,4.13,3.201,1.747,0.66,4.45,6.361,5.038,2.613,1.009,4.776,7.157,5.521,2.819,1.058,3.806,5.735,4.391,2.186,0.886
Alemanha,Bélgica,41.844,23.692,34.464,4.955,6.966,4.967,2.37,0.864,7.611,10.793,7.639,3.804,1.391,6.205,8.636,6.009,3.065,1.13,3.328,4.583,3.315,1.649,0.603,1.447,1.876,1.441,0.688,0.263
Alemanha,Egito,65.886,19.122,14.992,4.465,4.152,1.955,0.597,0.156,9.507,9.015,4.173,1.271,0.322,10.277,9.545,4.441,1.472,0.342,7.731,6.938,3.306,1.055,0.257,4.282,3.852,1.874,0.613,0.134
Alemanha,Irã,72.284,15.929,11.787,3.183,2.947,1.401,0.463,0.106,7.889,7.28,3.36,1.024,0.238,9.663,8.942,4.162,1.359,0.339,8.275,7.703,3.591,1.105,0.272,5.569,5.078,2.33,0.787,0.175
Alemanha,Nova Zelândia,91.665,5.345,2.99,0.532,0.438,0.206,0.066,0.012,2.164,1.888,0.889,0.252,0.071,4.744,4.037,1.829,0.559,0.126,6.796,5.81,2.639,0.83,0.214,7.634,6.645,2.856,0.91,0.226
Alemanha,Espanha,21.103,21.114,57.783,4.382,8.569,8.45,5.939,3.04,4.794,9.624,9.538,6.477,3.391,2.772,5.52,5.396,3.734,1.931,1.14,2.149,2.065,1.466,0.734,0.316,0.614,0.637,0.4,0.222
Alemanha,Uruguai,48.256,24.512,27.232,6.498,7.244,4.212,1.673,0.509,10.072,11.382,6.522,2.572,0.742,8.181,9.22,5.316,2.057,0.611,4.521,4.953,2.961,1.165,0.332,1.903,2.143,1.187,0.439,0.139
Alemanha,Arábia Saudita,78.916,13.621,7.463,3.737,2.571,0.882,0.195,0.035,9.723,6.367,2.227,0.505,0.091,12.52,8.391,2.892,0.657,0.116,10.895,7.208,2.49,0.546,0.111,7.257,4.891,1.648,0.358,0.076
Alemanha,Cabo Verde,77.033,14.669,8.298,4.091,2.884,0.981,0.218,0.047,9.982,6.819,2.435,0.564,0.11,12.597,8.544,3.076,0.708,0.144,10.413,7.259,2.603,0.604,0.128,6.87,4.418,1.685,0.416,0.076
Alemanha,França,25.924,21.456,52.62,3.707,7.264,7.007,4.768,2.318,4.858,9.266,9.18,6.232,3.08,3.25,6.217,6.218,3.994,2.204,1.442,2.89,2.837,1.9,0.95,0.512,1.042,0.937,0.711,0.317
Alemanha,Senegal,55.034,20.223,24.743,3.002,4.049,2.856,1.287,0.437,6.287,8.307,6.012,2.831,1.019,6.756,9.04,6.259,2.938,1.071,4.779,6.484,4.559,2.141,0.752,2.634,3.633,2.491,1.178,0.453
Alemanha,Noruega,53.61,17.851,28.539,1.038,2.052,1.885,1.259,0.663,2.674,5.053,4.947,3.161,1.649,3.551,6.727,6.466,4.187,2.019,3.166,5.981,5.562,3.723,1.917,2.097,4.07,3.802,2.505,1.254
Alemanha,Iraque,87.771,8.178,4.051,1.484,1.008,0.378,0.109,0.02,4.928,3.67,1.308,0.33,0.061,8.672,6.248,2.229,0.535,0.11,10.142,7.499,2.63,0.67,0.114,8.857,6.564,2.274,0.547,0.108
Alemanha,Argentina,19.167,21.717,59.116,5.572,10.366,9.944,6.391,3.199,5.378,10.021,9.568,6.346,3.175,2.692,4.995,4.875,3.024,1.456,0.935,1.809,1.637,1.099,0.563,0.224,0.43,0.407,0.281,0.141
Alemanha,Áustria,57.248,19.588,23.164,2.642,3.763,2.628,1.18,0.465,6.052,7.978,5.499,2.523,0.935,6.592,9.04,6.201,2.927,1.042,4.973,6.784,4.711,2.217,0.799,2.851,3.883,2.716,1.324,0.489
Alemanha,Argélia,68.172,16.256,15.572,2.173,2.662,1.56,0.688,0.202,5.609,6.57,4.058,1.679,0.502,7.295,8.731,5.193,2.161,0.635,6.551,7.77,4.677,1.862,0.621,4.41,5.043,3.105,1.255,0.393
Alemanha,Jordânia,82.859,10.124,7.017,1.227,1.173,0.583,0.19,0.05,4.148,3.935,1.971,0.734,0.175,6.779,6.708,3.339,1.181,0.302,7.76,7.826,3.848,1.279,0.337,6.841,6.711,3.424,1.168,0.287
Alemanha,Portugal,31.803,22.509,45.688,3.769,6.599,6.037,3.739,1.701,5.33,9.685,8.635,5.403,2.517,3.961,7.219,6.592,4.008,1.889,2.03,3.68,3.263,2.043,0.966,0.819,1.349,1.335,0.805,0.381
Alemanha,Colômbia,32.832,23.698,43.47,4.914,7.998,6.44,3.546,1.558,6.772,10.942,8.736,4.792,2.098,4.634,7.556,6.092,3.355,1.386,2.2,3.568,2.896,1.482,0.65,0.773,1.299,1.045,0.585,0.24
Alemanha,Uzbequistão,85.621,9.068,5.311,1.445,1.114,0.503,0.137,0.025,4.871,3.757,1.634,0.449,0.098,8.066,6.717,2.774,0.788,0.193,9.267,7.469,3.225,0.898,0.216,8.015,6.754,2.644,0.772,0.172
Alemanha,RD Congo,61.899,22.116,15.985,7.273,5.802,2.375,0.649,0.124,12.922,10.421,4.03,1.204,0.253,12.019,9.416,3.713,0.992,0.24,7.393,5.86,2.379,0.645,0.152,3.489,2.73,1.098,0.301,0.061
Alemanha,Inglaterra,27.866,23.917,48.217,5.839,9.525,7.884,4.444,1.852,6.841,11.201,9.215,5.014,2.231,4.234,6.733,5.391,3.12,1.392,1.723,2.767,2.187,1.27,0.524,0.509,0.878,0.671,0.424,0.2
Alemanha,Croácia,52.225,21.164,26.611,3.232,4.35,3.135,1.478,0.609,6.253,8.753,6.205,3.019,1.147,6.385,9.031,6.456,3.16,1.088,4.428,6.118,4.517,2.246,0.839,2.358,3.315,2.264,1.166,0.426
Alemanha,Gana,73.675,15.745,10.58,3.635,2.967,1.227,0.366,0.073,8.75,7.318,3.033,0.965,0.196,10.837,8.921,3.733,1.136,0.258,9.124,7.392,3.236,0.916,0.191,5.803,4.828,2.054,0.583,0.132
Alemanha,Panamá,76.797,13.872,9.331,2.477,2.267,1.029,0.29,0.082,6.633,6.204,2.631,0.85,0.2,9.668,8.464,3.842,1.21,0.281,8.832,7.978,3.606,1.126,0.27,6.318,5.627,2.637,0.805,0.205
Costa do Marfim,Equador,20.158,38.749,41.093,26.766,22.003,9.33,2.597,0.548,12.778,10.803,4.434,1.261,0.277,3.257,2.693,1.126,0.361,0.06,0.588,0.473,0.186,0.052,0.006,0.07,0.063,0.026,0.009,0.002
Equador,Curaçao,71.783,21.376,6.841,12.793,4.298,0.783,0.094,0.009,21.314,7.343,1.322,0.144,0.017,18.299,6.239,1.156,0.141,0.016,10.954,3.713,0.745,0.081,0.014,4.91,1.71,0.303,0.038,0.003
Equador,Holanda,24.06,31.626,44.314,16.408,17.665,9.681,3.564,1.07,11.692,12.484,6.945,2.661,0.777,4.228,4.557,2.463,0.927,0.289,1.056,1.18,0.668,0.254,0.088,0.196,0.205,0.129,0.045,0.015
Equador,Japão,25.865,34.582,39.553,19.708,17.807,8.569,2.805,0.686,13.451,12.602,6.011,1.951,0.52,4.711,4.376,2.101,0.65,0.204,1.135,1.069,0.513,0.164,0.038,0.215,0.198,0.08,0.029,0.007
Equador,Tunísia,58.818,28.953,12.229,17.776,7.509,1.674,0.245,0.028,22.902,9.741,2.147,0.335,0.042,14.912,6.284,1.341,0.21,0.019,6.622,2.779,0.631,0.093,0.009,2.259,0.968,0.206,0.031,0.002
Equador,Suécia,46.523,28.281,25.196,11.531,9.811,4.358,1.34,0.312,14.735,12.586,5.451,1.716,0.446,9.535,8.315,3.595,1.104,0.261,4.16,3.559,1.602,0.542,0.125,1.434,1.248,0.574,0.165,0.025
Equador,Bélgica,26.132,37.173,36.695,23.435,18.773,7.822,2.223,0.49,14.828,11.976,4.927,1.365,0.29,4.727,3.794,1.647,0.477,0.106,1.131,0.85,0.351,0.112,0.016,0.163,0.157,0.051,0.01,0.003
Equador,Egito,41.601,36.977,21.422,24.445,13.091,3.566,0.688,0.087,21.018,11.113,3.019,0.576,0.094,9.401,4.953,1.349,0.226,0.036,2.852,1.474,0.449,0.069,0.008,0.695,0.384,0.088,0.015,0.001
Equador,Irã,46.84,34.216,18.944,21.144,11.151,3.098,0.536,0.084,21.405,11.335,3.086,0.557,0.08,10.996,5.757,1.635,0.268,0.044,3.799,2.077,0.562,0.098,0.018,1.027,0.58,0.138,0.025,0.004
Equador,Nova Zelândia,68.627,21.345,10.028,10.16,5.13,1.317,0.23,0.033,17.785,8.881,2.336,0.443,0.049,15.594,8.065,2.069,0.377,0.056,9.685,4.812,1.227,0.22,0.032,4.434,2.214,0.635,0.108,0.014
Equador,Espanha,14.569,31.635,53.796,19.908,22.976,13.166,5.242,1.582,9.044,10.247,6.083,2.475,0.777,2.165,2.337,1.384,0.54,0.18,0.312,0.367,0.19,0.09,0.027,0.053,0.05,0.019,0.011,0.005
Equador,Uruguai,29.471,39.849,30.68,27.099,17.606,6.019,1.407,0.262,17.246,11.42,3.904,0.857,0.166,5.712,3.617,1.252,0.307,0.055,1.315,0.821,0.273,0.077,0.012,0.207,0.148,0.045,0.008,0.001
Equador,Arábia Saudita,51.973,34.436,13.591,24.064,9.218,1.832,0.239,0.02,24.686,9.398,1.832,0.268,0.036,12.861,5.066,0.923,0.121,0.008,4.714,1.872,0.349,0.051,0.006,1.304,0.478,0.1,0.012,0.0
Equador,Cabo Verde,50.12,35.241,14.639,24.483,9.903,2.013,0.257,0.028,24.357,9.686,1.941,0.264,0.037,12.304,4.799,1.001,0.17,0.011,4.305,1.81,0.381,0.071,0.004,1.12,0.458,0.095,0.018,0.0
Equador,França,17.191,32.213,50.596,19.02,20.997,12.167,4.637,1.429,9.954,11.301,6.406,2.462,0.745,2.677,2.97,1.756,0.736,0.211,0.493,0.53,0.311,0.13,0.046,0.075,0.079,0.055,0.025,0.005
Equador,Senegal,34.511,34.654,30.835,19.15,14.975,6.184,1.681,0.333,16.312,13.075,5.098,1.364,0.265,6.975,5.537,2.25,0.586,0.147,2.104,1.675,0.669,0.168,0.042,0.47,0.337,0.147,0.042,0.011
Equador,Noruega,34.073,28.926,37.001,11.313,12.467,7.114,2.711,0.789,11.784,13.11,7.369,2.819,0.832,6.599,6.875,3.877,1.517,0.467,2.324,2.539,1.42,0.581,0.191,0.659,0.701,0.457,0.14,0.042
Equador,Iraque,62.528,26.554,10.918,16.001,6.74,1.427,0.197,0.017,22.395,9.042,1.981,0.273,0.029,16.149,6.523,1.413,0.203,0.024,7.681,3.145,0.634,0.093,0.01,2.773,1.169,0.253,0.037,0.005
Equador,Argentina,13.295,33.451,53.254,22.648,24.437,13.46,4.982,1.463,8.927,9.722,5.181,1.975,0.583,1.718,1.93,1.019,0.416,0.123,0.213,0.287,0.131,0.059,0.012,0.032,0.025,0.016,0.008,0.003
Equador,Áustria,35.759,34.013,30.228,18.721,14.591,5.92,1.575,0.352,16.212,12.696,5.163,1.337,0.307,7.322,5.897,2.373,0.669,0.111,2.364,1.761,0.705,0.214,0.039,0.532,0.458,0.164,0.059,0.009
Equador,Argélia,43.893,32.311,23.796,17.372,11.964,4.213,1.024,0.208,18.212,12.475,4.294,1.118,0.198,9.7,6.669,2.267,0.56,0.085,3.486,2.376,0.903,0.191,0.043,0.983,0.713,0.217,0.057,0.005
Equador,Jordânia,56.817,27.848,15.335,14.44,7.98,2.283,0.485,0.06,19.39,10.89,3.273,0.606,0.1,13.467,7.501,2.285,0.406,0.055,6.403,3.455,1.012,0.22,0.043,2.271,1.3,0.389,0.066,0.012
Equador,Portugal,20.872,33.261,45.867,19.411,19.879,10.428,3.927,1.047,11.509,11.789,6.223,2.34,0.618,3.452,3.647,1.908,0.656,0.181,0.746,0.754,0.406,0.145,0.044,0.117,0.109,0.057,0.021,0.008
Equador,Colômbia,20.956,35.686,43.358,22.74,21.069,9.81,3.207,0.801,12.369,11.376,5.367,1.736,0.434,3.441,3.295,1.471,0.509,0.109,0.635,0.66,0.291,0.098,0.016,0.076,0.092,0.044,0.015,0.001
Equador,Uzbequistão,59.895,27.383,12.722,15.713,7.4,1.823,0.272,0.038,21.413,9.873,2.38,0.397,0.057,14.681,7.07,1.664,0.279,0.032,7.0,3.272,0.846,0.127,0.019,2.508,1.246,0.273,0.046,0.006
Equador,RD Congo,38.029,41.235,20.736,30.464,13.863,3.367,0.519,0.061,22.144,9.853,2.34,0.379,0.049,8.255,3.647,0.874,0.117,0.021,2.02,0.947,0.233,0.044,0.005,0.437,0.176,0.047,0.007,0.0
Equador,Inglaterra,17.926,36.04,46.034,24.145,22.65,10.773,3.551,0.936,11.295,10.525,5.124,1.625,0.441,2.742,2.587,1.316,0.445,0.1,0.476,0.45,0.189,0.052,0.013,0.068,0.05,0.027,0.012,0.002
Equador,Croácia,32.944,34.58,32.476,19.321,15.757,6.475,1.842,0.372,15.769,12.799,5.254,1.516,0.32,6.747,5.238,2.242,0.584,0.14,1.911,1.529,0.654,0.21,0.037,0.411,0.339,0.119,0.043,0.008
Equador,Gana,47.968,34.84,17.192,22.751,10.73,2.593,0.451,0.061,22.685,10.679,2.618,0.435,0.043,11.379,5.328,1.337,0.218,0.02,4.068,1.911,0.481,0.068,0.007,0.978,0.52,0.128,0.024,0.005
Equador,Panamá,50.848,31.914,17.238,19.323,10.157,2.594,0.492,0.066,21.58,10.914,2.944,0.508,0.092,12.144,6.3,1.57,0.312,0.036,4.635,2.421,0.641,0.103,0.02,1.424,0.746,0.17,0.029,0.004
Curaçao,Costa do Marfim,12.183,22.51,65.307,9.757,16.35,14.537,8.548,3.863,5.666,9.808,8.471,5.126,2.272,1.68,2.979,2.633,1.599,0.705,0.363,0.604,0.553,0.294,0.142,0.064,0.098,0.075,0.05,0.017
Costa do Marfim,Holanda,14.347,21.22,64.433,7.307,13.8,12.775,7.937,3.953,5.543,9.875,9.16,5.812,2.85,2.054,3.736,3.431,2.121,1.074,0.553,0.921,0.878,0.546,0.263,0.086,0.179,0.156,0.123,0.055
Costa do Marfim,Japão,16.333,24.599,59.068,9.804,15.887,12.665,6.912,2.885,6.928,11.111,8.692,4.75,1.997,2.575,4.013,3.228,1.674,0.616,0.57,0.939,0.731,0.424,0.169,0.099,0.186,0.127,0.067,0.031
Costa do Marfim,Tunísia,50.3,28.595,21.105,13.043,9.504,3.517,0.92,0.18,16.777,12.118,4.546,1.142,0.222,11.192,7.969,3.063,0.724,0.15,4.824,3.576,1.297,0.34,0.068,1.608,1.218,0.453,0.12,0.03
Costa do Marfim,Suécia,33.039,24.76,42.201,6.157,9.088,6.817,3.463,1.359,7.791,11.504,8.787,4.364,1.716,5.14,7.48,5.668,2.904,1.144,2.292,3.426,2.486,1.235,0.481,0.766,1.149,0.831,0.467,0.177
Costa do Marfim,Bélgica,17.158,27.68,55.162,13.268,18.046,12.583,6.036,2.172,8.216,11.568,7.898,3.709,1.424,2.664,3.743,2.576,1.2,0.439,0.619,0.842,0.606,0.254,0.097,0.117,0.125,0.117,0.039,0.014
Costa do Marfim,Egito,32.479,32.883,34.638,16.875,14.984,7.086,2.192,0.52,14.431,13.151,6.088,1.887,0.464,6.46,5.843,2.583,0.907,0.198,1.888,1.711,0.794,0.25,0.047,0.447,0.392,0.175,0.059,0.024
Costa do Marfim,Irã,37.435,31.027,31.538,14.465,13.084,6.094,1.821,0.465,14.702,13.105,6.167,1.906,0.461,7.525,6.882,3.053,0.959,0.229,2.595,2.37,1.098,0.383,0.07,0.713,0.636,0.318,0.092,0.019
Costa do Marfim,Nova Zelândia,59.689,22.378,17.933,6.905,5.95,2.636,0.794,0.183,12.591,10.521,4.602,1.435,0.312,10.949,9.443,4.136,1.286,0.3,6.796,5.803,2.605,0.731,0.181,3.131,2.743,1.21,0.358,0.073
Costa do Marfim,Espanha,7.834,18.776,73.39,9.007,17.161,16.636,11.03,5.726,4.183,7.79,7.649,5.211,2.445,0.95,1.835,1.763,1.165,0.624,0.17,0.298,0.273,0.207,0.104,0.019,0.044,0.022,0.029,0.009
Costa do Marfim,Uruguai,21.274,31.571,47.155,17.031,18.874,10.608,4.182,1.159,10.931,12.062,6.889,2.688,0.801,3.647,3.964,2.265,0.909,0.282,0.801,0.926,0.507,0.203,0.068,0.167,0.137,0.08,0.043,0.01
Costa do Marfim,Arábia Saudita,45.166,32.268,22.566,17.938,11.723,3.954,0.893,0.153,19.062,12.07,4.087,0.925,0.153,10.234,6.573,2.085,0.496,0.078,3.654,2.369,0.799,0.169,0.024,0.994,0.678,0.22,0.036,0.006
Costa do Marfim,Cabo Verde,42.923,33.079,23.998,18.288,12.428,4.244,0.993,0.168,18.525,12.465,4.277,0.979,0.187,9.435,6.415,2.163,0.518,0.094,3.291,2.22,0.775,0.155,0.035,0.905,0.594,0.215,0.051,0.008
Costa do Marfim,França,9.36,19.744,70.896,8.458,16.137,15.49,10.216,5.082,4.599,8.717,8.208,5.421,2.689,1.244,2.259,2.273,1.452,0.743,0.203,0.408,0.417,0.274,0.135,0.039,0.066,0.055,0.043,0.02
Costa do Marfim,Senegal,24.075,27.435,48.49,10.864,14.651,10.034,4.59,1.61,9.387,12.405,8.473,3.839,1.345,4.113,5.379,3.632,1.72,0.544,1.222,1.652,1.117,0.486,0.185,0.276,0.349,0.232,0.115,0.045
Costa do Marfim,Noruega,21.27,22.025,56.705,5.25,9.548,9.003,5.959,2.833,5.49,10.092,9.491,6.252,3.06,3.02,5.517,5.311,3.35,1.673,1.112,2.004,1.807,1.182,0.617,0.317,0.554,0.55,0.302,0.172
Costa do Marfim,Iraque,54.676,27.027,18.297,11.935,8.259,2.893,0.709,0.149,16.926,11.743,4.102,1.035,0.175,11.979,8.325,2.997,0.678,0.134,5.872,4.09,1.461,0.333,0.066,2.169,1.416,0.59,0.125,0.019
Costa do Marfim,Argentina,7.074,19.516,73.41,10.429,18.989,17.692,11.203,5.609,4.187,7.482,7.146,4.542,2.143,0.8,1.477,1.47,0.89,0.469,0.125,0.204,0.193,0.125,0.046,0.018,0.023,0.028,0.013,0.01
Costa do Marfim,Áustria,25.414,27.5,47.086,10.563,14.105,9.313,4.335,1.528,9.418,12.379,8.412,4.028,1.356,4.363,5.798,3.943,1.745,0.569,1.352,1.834,1.217,0.566,0.197,0.287,0.419,0.296,0.133,0.047
Costa do Marfim,Argélia,32.861,28.504,38.635,10.71,12.346,7.41,2.959,0.94,11.349,13.003,7.874,2.981,0.957,6.001,6.945,4.113,1.671,0.487,2.225,2.499,1.472,0.623,0.174,0.576,0.712,0.41,0.162,0.052
Costa do Marfim,Jordânia,46.473,27.015,26.512,9.568,9.096,4.439,1.502,0.402,12.794,12.367,6.159,1.977,0.544,9.032,8.677,4.344,1.426,0.378,4.38,4.067,1.951,0.674,0.168,1.594,1.49,0.722,0.24,0.055
Costa do Marfim,Portugal,11.757,21.841,66.402,9.089,16.16,14.552,8.72,4.137,5.427,9.775,8.647,5.31,2.338,1.647,2.77,2.634,1.584,0.721,0.368,0.621,0.585,0.318,0.172,0.06,0.099,0.086,0.045,0.022
Costa do Marfim,Colômbia,12.926,24.424,62.65,11.771,18.226,14.558,7.882,3.239,6.507,10.155,7.949,4.38,1.738,1.811,2.927,2.234,1.257,0.547,0.378,0.586,0.461,0.247,0.103,0.058,0.065,0.07,0.032,0.017
Costa do Marfim,Uzbequistão,50.941,27.193,21.866,11.08,8.83,3.745,0.971,0.21,15.246,12.13,4.976,1.39,0.311,10.813,8.629,3.489,0.957,0.197,5.06,3.942,1.596,0.466,0.101,1.873,1.471,0.561,0.154,0.027
Costa do Marfim,RD Congo,30.645,36.319,33.036,21.907,16.905,6.807,1.734,0.383,16.086,12.423,4.894,1.285,0.259,6.059,4.523,1.838,0.5,0.095,1.509,1.189,0.454,0.15,0.024,0.339,0.264,0.078,0.017,0.001
Costa do Marfim,Inglaterra,10.844,23.841,65.315,12.356,19.294,15.945,8.591,3.595,5.969,9.407,7.543,4.086,1.764,1.418,2.36,1.897,1.058,0.467,0.278,0.377,0.302,0.166,0.073,0.024,0.043,0.041,0.018,0.015
Costa do Marfim,Croácia,22.637,27.165,50.198,10.959,14.854,10.232,5.01,1.86,9.095,12.181,8.511,4.107,1.514,3.78,5.077,3.513,1.66,0.637,1.086,1.469,1.02,0.475,0.161,0.251,0.325,0.243,0.099,0.037
Costa do Marfim,Gana,39.42,31.881,28.699,15.951,12.875,5.522,1.52,0.341,16.175,12.921,5.348,1.511,0.337,8.439,6.607,2.735,0.804,0.171,2.811,2.317,0.98,0.256,0.063,0.748,0.6,0.243,0.065,0.018
Costa do Marfim,Panamá,41.54,30.403,28.057,13.408,11.498,5.132,1.609,0.376,15.07,13.267,5.721,1.751,0.394,8.597,7.416,3.314,1.013,0.242,3.345,2.869,1.255,0.391,0.079,1.0,0.81,0.363,0.104,0.022
Curaçao,Holanda,1.887,5.167,92.946,1.227,4.66,8.865,11.3,11.379,0.638,2.419,4.634,5.88,5.945,0.171,0.621,1.212,1.583,1.532,0.031,0.111,0.221,0.275,0.325,0.008,0.014,0.02,0.04,0.03
Curaçao,Japão,2.864,7.49,89.646,2.153,6.937,11.653,12.944,10.988,1.128,3.53,5.696,6.553,5.399,0.261,0.907,1.485,1.603,1.419,0.047,0.147,0.262,0.288,0.249,0.006,0.019,0.027,0.038,0.031
Curaçao,Tunísia,23.118,25.255,51.627,8.499,12.966,10.043,5.131,2.01,7.887,11.671,9.015,4.658,1.93,3.639,5.651,4.239,2.289,0.942,1.199,1.831,1.392,0.753,0.286,0.292,0.431,0.324,0.162,0.09
Curaçao,Suécia,7.883,12.003,80.114,1.88,5.434,8.16,8.37,6.854,1.638,4.963,7.413,7.898,6.169,0.827,2.217,3.676,3.763,2.949,0.248,0.752,1.148,1.212,0.979,0.065,0.169,0.272,0.292,0.242
Curaçao,Bélgica,3.644,9.839,86.517,3.571,9.839,14.246,13.815,10.143,1.57,4.469,6.495,6.296,4.649,0.365,1.125,1.547,1.547,1.101,0.065,0.176,0.246,0.233,0.182,0.007,0.015,0.034,0.029,0.018
Curaçao,Egito,11.632,20.325,68.043,7.773,14.796,14.235,9.108,4.541,4.953,9.222,8.901,5.731,2.744,1.589,3.082,2.885,1.878,0.892,0.341,0.637,0.608,0.402,0.184,0.058,0.111,0.106,0.083,0.039
Curaçao,Irã,13.685,20.942,65.373,7.235,13.47,12.738,8.346,3.96,5.216,9.747,9.149,6.183,2.906,1.953,3.636,3.383,2.262,1.077,0.477,0.878,0.869,0.53,0.287,0.106,0.18,0.152,0.109,0.045
Curaçao,Nova Zelândia,27.216,22.783,50.001,4.693,8.003,7.267,4.445,2.048,5.741,10.343,9.429,5.689,2.725,3.579,6.739,5.886,3.699,1.722,1.598,2.794,2.743,1.559,0.775,0.578,0.906,0.924,0.51,0.276
Curaçao,Espanha,0.876,3.397,95.727,1.256,4.908,9.668,13.233,13.89,0.43,1.509,3.105,4.262,4.375,0.05,0.269,0.557,0.756,0.736,0.008,0.034,0.073,0.072,0.086,0.001,0.001,0.007,0.003,0.003
Curaçao,Uruguai,5.834,14.64,79.526,6.163,13.866,16.037,12.861,7.686,2.86,6.456,7.409,5.871,3.493,0.691,1.495,1.748,1.341,0.849,0.112,0.252,0.288,0.25,0.156,0.015,0.03,0.038,0.039,0.022
Curaçao,Arábia Saudita,20.539,27.524,51.937,12.036,16.081,11.263,5.267,1.922,8.89,11.818,8.498,3.904,1.389,3.455,4.55,3.255,1.47,0.518,0.884,1.183,0.793,0.386,0.138,0.185,0.222,0.172,0.086,0.027
Curaçao,Cabo Verde,19.264,26.851,53.885,11.679,16.376,11.699,5.574,2.185,8.44,11.682,8.424,4.176,1.463,3.094,4.372,3.083,1.513,0.555,0.805,1.085,0.734,0.383,0.132,0.15,0.221,0.176,0.081,0.023
Curaçao,França,1.1,4.064,94.836,1.279,4.837,9.377,12.525,12.927,0.47,1.934,3.538,4.746,5.036,0.098,0.335,0.704,0.994,0.994,0.012,0.055,0.093,0.133,0.132,0.003,0.006,0.013,0.01,0.012
Curaçao,Senegal,5.631,11.689,82.68,3.205,9.008,12.422,11.607,8.503,1.959,5.524,7.707,7.25,5.095,0.619,1.726,2.385,2.256,1.62,0.139,0.364,0.531,0.519,0.374,0.026,0.071,0.071,0.078,0.052
Curaçao,Noruega,3.258,6.273,90.469,0.921,3.584,6.678,8.855,8.918,0.683,2.62,5.007,6.729,6.693,0.276,1.035,1.954,2.707,2.476,0.08,0.25,0.526,0.636,0.69,0.019,0.048,0.111,0.148,0.122
Curaçao,Iraque,26.406,26.066,47.528,8.41,12.252,8.772,4.424,1.693,8.401,12.194,8.848,4.483,1.723,4.356,6.257,4.578,2.216,0.849,1.442,2.17,1.66,0.788,0.301,0.41,0.595,0.45,0.219,0.091
Curaçao,Argentina,0.864,3.873,95.263,1.619,5.929,11.372,14.485,14.213,0.457,1.722,3.207,4.146,4.063,0.063,0.254,0.477,0.596,0.595,0.004,0.031,0.046,0.049,0.048,0.0,0.005,0.001,0.003,0.006
Curaçao,Áustria,6.026,11.878,82.096,3.191,8.818,12.05,11.459,8.116,2.086,5.474,7.817,7.174,5.262,0.68,1.801,2.615,2.386,1.67,0.171,0.415,0.554,0.541,0.391,0.018,0.063,0.069,0.107,0.053
Curaçao,Argélia,9.579,15.918,74.503,4.012,9.695,11.712,9.799,6.217,3.014,7.54,8.896,7.291,4.617,1.2,2.8,3.566,2.806,1.741,0.336,0.689,0.925,0.713,0.455,0.048,0.138,0.179,0.126,0.082
Curaçao,Jordânia,17.753,20.478,61.769,4.903,9.687,9.7,6.96,3.589,4.75,9.354,9.624,6.709,3.544,2.323,4.769,4.866,3.345,1.738,0.804,1.655,1.683,1.16,0.598,0.223,0.421,0.434,0.357,0.179
Curaçao,Portugal,1.688,5.372,92.94,1.639,5.741,10.592,13.012,12.302,0.733,2.538,4.484,5.621,5.235,0.152,0.506,0.968,1.202,1.126,0.019,0.071,0.155,0.208,0.162,0.001,0.008,0.016,0.019,0.017
Curaçao,Colômbia,2.146,6.732,91.122,2.518,8.068,13.204,14.035,11.969,0.985,3.043,5.185,5.542,4.826,0.208,0.642,0.976,1.155,1.026,0.023,0.093,0.133,0.177,0.136,0.003,0.016,0.013,0.023,0.018
Curaçao,Uzbequistão,22.375,23.768,53.857,6.797,11.16,9.738,5.559,2.502,6.779,11.178,9.475,5.443,2.332,3.456,5.545,4.734,2.701,1.163,1.194,1.891,1.643,0.949,0.443,0.285,0.5,0.417,0.242,0.101
Curaçao,RD Congo,11.578,23.515,64.907,11.664,18.7,15.201,8.366,3.592,5.981,9.532,8.027,4.461,1.923,1.621,2.561,2.121,1.183,0.516,0.299,0.477,0.418,0.187,0.08,0.048,0.07,0.058,0.02,0.011
Curaçao,Inglaterra,1.643,6.092,92.265,2.476,8.145,13.378,15.043,12.831,0.832,2.755,4.585,5.13,4.511,0.162,0.463,0.753,0.907,0.729,0.019,0.05,0.09,0.099,0.103,0.001,0.004,0.008,0.011,0.009
Curaçao,Croácia,5.09,10.865,84.045,3.132,8.676,12.481,12.212,8.794,1.754,5.076,7.431,7.088,5.311,0.578,1.57,2.155,2.113,1.595,0.107,0.33,0.503,0.45,0.318,0.021,0.042,0.078,0.071,0.05
Curaçao,Gana,15.431,23.424,61.145,8.822,14.812,12.705,7.2,3.292,6.261,10.719,9.066,5.221,2.332,2.337,3.874,3.36,1.95,0.862,0.601,0.947,0.803,0.474,0.226,0.094,0.196,0.145,0.093,0.045
Curaçao,Panamá,16.195,21.881,61.924,6.981,12.865,11.79,7.346,3.552,5.783,10.377,9.31,6.006,2.839,2.353,4.244,3.792,2.37,1.179,0.633,1.204,1.038,0.638,0.329,0.152,0.238,0.214,0.154,0.089
Holanda,Japão,41.908,24.15,33.942,5.167,6.967,4.974,2.32,0.81,8.021,11.055,7.74,3.679,1.349,6.347,8.633,6.124,2.907,1.088,3.313,4.633,3.3,1.547,0.547,1.383,1.892,1.28,0.656,0.228
Tunísia,Holanda,5.464,11.134,83.402,2.85,8.231,11.904,11.482,8.612,1.825,5.257,7.576,7.392,5.459,0.563,1.714,2.453,2.419,1.801,0.119,0.358,0.535,0.507,0.385,0.022,0.062,0.101,0.09,0.063
Holanda,Suécia,70.549,15.127,14.324,1.477,1.884,1.255,0.545,0.186,4.269,5.518,3.579,1.549,0.501,6.037,7.944,5.197,2.305,0.772,6.041,7.583,5.048,2.247,0.752,4.354,5.56,3.682,1.697,0.583
Holanda,Bélgica,42.836,25.447,31.717,7.012,8.456,5.134,2.107,0.673,10.006,11.893,7.32,2.98,0.958,7.348,8.693,5.302,2.165,0.666,3.701,4.339,2.61,1.112,0.367,1.335,1.569,1.002,0.401,0.115
Holanda,Egito,64.886,20.645,14.469,6.401,4.933,2.044,0.571,0.1,12.338,9.633,3.903,1.124,0.236,12.073,9.357,3.786,1.049,0.21,7.925,6.289,2.564,0.755,0.154,4.039,3.121,1.274,0.331,0.065
Holanda,Irã,71.005,17.462,11.533,4.666,3.589,1.46,0.38,0.082,10.332,8.119,3.269,0.97,0.177,11.666,9.082,3.755,1.063,0.222,9.035,7.06,2.866,0.803,0.176,5.422,4.202,1.672,0.497,0.107
Holanda,Nova Zelândia,90.847,6.108,3.045,0.895,0.625,0.247,0.059,0.013,3.307,2.537,0.952,0.269,0.055,6.543,5.011,1.918,0.508,0.106,8.96,6.64,2.602,0.617,0.135,9.064,6.712,2.554,0.662,0.124
Holanda,Espanha,22.355,23.566,54.079,6.464,11.178,9.638,5.542,2.414,6.573,11.124,9.469,5.501,2.422,3.309,5.647,4.914,2.852,1.235,1.16,1.965,1.653,0.934,0.48,0.338,0.503,0.473,0.267,0.115
Holanda,Uruguai,48.13,26.264,25.606,8.793,8.527,4.215,1.471,0.389,12.581,12.214,5.973,1.972,0.55,9.294,8.743,4.471,1.542,0.374,4.555,4.473,2.115,0.707,0.195,1.715,1.65,0.822,0.298,0.072
Holanda,Arábia Saudita,77.629,15.085,7.286,5.347,3.101,0.898,0.163,0.027,12.407,6.951,2.065,0.38,0.055,14.619,8.371,2.369,0.444,0.069,11.629,6.601,1.795,0.373,0.047,7.071,4.047,1.153,0.207,0.043
Holanda,Cabo Verde,75.38,16.465,8.155,5.83,3.402,1.038,0.203,0.034,12.545,7.532,2.254,0.413,0.068,14.266,8.454,2.635,0.56,0.103,11.085,6.441,1.895,0.42,0.051,6.579,3.751,1.156,0.241,0.046
Holanda,França,27.325,23.607,49.068,5.489,9.385,7.734,4.445,1.973,6.606,10.954,9.455,5.402,2.369,3.947,6.735,5.648,3.174,1.316,1.735,2.667,2.258,1.293,0.597,0.521,0.832,0.703,0.445,0.205
Holanda,Senegal,54.858,22.024,23.118,4.44,5.257,3.106,1.216,0.383,8.514,10.027,5.952,2.335,0.737,8.143,9.558,5.862,2.206,0.683,5.294,6.26,3.657,1.436,0.452,2.656,3.115,1.799,0.723,0.237
Holanda,Noruega,54.082,19.227,26.691,1.719,2.843,2.375,1.342,0.569,4.102,6.797,5.557,3.167,1.335,4.963,7.957,6.678,3.819,1.567,3.857,6.345,5.243,3.091,1.266,2.418,3.944,3.261,1.883,0.788
Holanda,Iraque,86.532,9.236,4.232,2.289,1.417,0.418,0.096,0.015,7.066,4.347,1.332,0.276,0.036,11.147,6.873,2.075,0.446,0.08,11.693,7.275,2.333,0.451,0.082,9.409,5.712,1.881,0.378,0.068
Holanda,Argentina,20.64,24.483,54.877,8.189,13.06,10.435,5.919,2.438,7.161,11.371,9.289,5.168,2.158,3.216,5.146,4.147,2.255,1.0,1.005,1.562,1.265,0.697,0.264,0.213,0.374,0.28,0.167,0.071
Holanda,Áustria,56.925,21.122,21.953,4.158,4.836,2.789,1.146,0.346,8.111,9.424,5.649,2.273,0.699,8.153,9.677,5.664,2.275,0.683,5.67,6.377,3.875,1.619,0.467,2.806,3.339,2.024,0.834,0.229
Holanda,Argélia,67.572,17.648,14.78,3.368,3.4,1.756,0.617,0.156,7.932,7.959,4.063,1.436,0.386,9.256,9.45,4.765,1.735,0.455,7.331,7.58,3.861,1.322,0.373,4.453,4.462,2.378,0.795,0.217
Holanda,Jordânia,81.685,11.38,6.935,1.885,1.596,0.664,0.2,0.034,5.819,4.999,2.148,0.616,0.143,9.083,7.54,3.281,0.947,0.208,9.318,8.045,3.353,1.029,0.214,7.264,6.361,2.641,0.762,0.165
Holanda,Portugal,32.886,24.57,42.544,5.524,8.4,6.575,3.529,1.438,7.353,11.449,8.763,4.576,1.877,4.888,7.453,5.952,3.141,1.224,2.237,3.459,2.654,1.414,0.574,0.758,1.255,0.956,0.532,0.205
Holanda,Colômbia,33.753,25.907,40.34,7.229,9.854,6.951,3.239,1.189,8.739,12.036,8.345,3.857,1.52,5.597,7.643,5.398,2.484,0.867,2.365,3.215,2.23,1.098,0.435,0.766,1.061,0.738,0.325,0.135
Holanda,Uzbequistão,84.31,10.283,5.407,2.199,1.576,0.528,0.157,0.025,6.855,4.662,1.673,0.4,0.074,10.548,7.244,2.649,0.642,0.117,10.85,7.525,2.686,0.672,0.133,8.416,5.934,2.114,0.453,0.091
Holanda,RD Congo,60.779,24.085,15.136,9.887,6.535,2.328,0.523,0.095,15.724,10.704,3.689,0.892,0.144,13.105,8.839,3.05,0.658,0.124,7.378,4.892,1.73,0.419,0.075,3.074,2.068,0.711,0.168,0.024
Holanda,Inglaterra,28.848,26.388,44.764,8.319,11.354,8.326,4.012,1.346,8.824,12.312,8.831,4.222,1.6,4.688,6.73,4.834,2.228,0.87,1.786,2.489,1.738,0.819,0.282,0.518,0.72,0.51,0.265,0.1
Holanda,Croácia,52.417,22.594,24.989,4.672,5.447,3.397,1.398,0.416,8.501,10.36,6.233,2.598,0.824,7.787,9.461,5.814,2.472,0.797,4.969,5.986,3.65,1.487,0.443,2.353,2.828,1.756,0.691,0.241
Holanda,Gana,72.581,17.18,10.239,5.246,3.605,1.378,0.326,0.054,11.432,8.045,2.896,0.692,0.126,12.892,9.041,3.238,0.785,0.153,9.64,6.751,2.588,0.579,0.126,5.617,3.978,1.475,0.346,0.065
Holanda,Panamá,75.835,14.988,9.177,3.757,2.857,1.079,0.27,0.053,9.224,6.943,2.747,0.664,0.12,11.532,8.844,3.436,0.911,0.2,9.841,7.62,2.902,0.74,0.153,6.429,4.921,1.901,0.513,0.098
Tunísia,Japão,7.206,14.269,78.525,4.416,10.857,13.648,11.379,7.225,2.721,6.81,8.036,7.147,4.43,0.871,2.065,2.518,2.132,1.439,0.185,0.475,0.569,0.484,0.333,0.03,0.081,0.079,0.086,0.038
Japão,Suécia,64.98,17.721,17.299,2.388,2.912,1.761,0.758,0.26,5.891,7.124,4.408,1.866,0.633,7.259,8.749,5.631,2.318,0.794,6.142,7.57,4.694,2.079,0.662,3.846,4.772,3.002,1.295,0.417
Japão,Bélgica,37.969,27.16,34.871,8.997,10.534,6.198,2.503,0.745,11.04,12.723,7.553,2.953,0.887,6.904,7.878,4.56,1.895,0.597,2.953,3.37,1.918,0.805,0.232,0.942,1.035,0.661,0.27,0.068
Japão,Egito,59.192,23.85,16.958,8.591,6.594,2.567,0.696,0.144,14.266,11.064,4.225,1.13,0.231,12.027,9.055,3.602,0.982,0.168,6.915,5.243,1.942,0.537,0.102,2.978,2.34,0.874,0.23,0.052
Japão,Irã,65.624,20.555,13.821,6.51,4.994,1.965,0.555,0.103,12.692,9.547,3.626,0.975,0.206,12.291,9.371,3.786,0.943,0.198,8.092,6.226,2.392,0.635,0.128,4.221,3.172,1.229,0.352,0.074
Japão,Nova Zelândia,87.133,8.412,4.455,1.583,1.101,0.459,0.118,0.016,5.354,3.741,1.373,0.329,0.077,8.867,6.557,2.273,0.636,0.13,10.122,7.453,2.672,0.688,0.126,8.784,6.267,2.342,0.593,0.111
Japão,Espanha,19.72,24.458,55.822,8.264,12.925,10.942,5.942,2.645,6.92,11.256,9.291,5.228,2.16,3.004,4.835,4.158,2.306,0.982,0.943,1.49,1.245,0.705,0.313,0.242,0.343,0.278,0.167,0.071
Japão,Uruguai,43.167,28.68,28.153,11.4,10.425,4.98,1.72,0.418,13.697,12.758,6.066,1.924,0.503,8.664,8.096,3.943,1.305,0.339,3.682,3.321,1.57,0.535,0.115,1.221,1.152,0.548,0.17,0.042
Japão,Arábia Saudita,72.749,18.405,8.846,7.396,4.156,1.126,0.226,0.03,15.495,8.263,2.254,0.423,0.056,15.415,8.435,2.403,0.434,0.067,10.615,5.607,1.644,0.32,0.051,5.58,2.926,0.848,0.161,0.022
Japão,Cabo Verde,70.26,19.571,10.169,8.04,4.669,1.377,0.285,0.045,15.394,8.653,2.549,0.482,0.079,15.086,8.647,2.524,0.509,0.076,9.812,5.52,1.589,0.32,0.064,4.972,2.858,0.802,0.173,0.032
Japão,França,24.053,24.382,51.565,6.967,11.253,9.135,5.128,2.186,7.185,11.446,9.407,5.136,2.264,3.727,5.946,4.899,2.64,1.103,1.258,2.093,1.693,0.948,0.385,0.385,0.556,0.455,0.273,0.114
Japão,Senegal,50.228,23.698,26.074,6.123,6.803,3.937,1.493,0.441,10.055,11.078,6.508,2.453,0.714,8.468,9.267,5.196,2.044,0.632,4.718,5.389,3.065,1.132,0.346,2.025,2.336,1.286,0.487,0.155
Japão,Noruega,48.664,20.847,30.489,2.593,4.134,3.242,1.802,0.769,5.297,8.286,6.625,3.547,1.473,5.434,8.384,6.705,3.77,1.513,3.691,5.837,4.751,2.621,1.116,1.941,3.135,2.486,1.373,0.553
Japão,Iraque,82.389,11.93,5.681,3.589,2.218,0.651,0.136,0.021,9.723,5.643,1.612,0.331,0.063,13.187,7.809,2.211,0.479,0.06,12.08,7.164,2.097,0.447,0.077,8.455,4.821,1.486,0.268,0.036
Japão,Argentina,18.237,25.11,56.653,9.791,15.093,11.858,6.428,2.554,7.406,11.361,8.787,4.738,1.978,2.802,4.388,3.435,1.799,0.75,0.77,1.177,0.898,0.485,0.186,0.136,0.236,0.192,0.099,0.035
Japão,Áustria,51.574,23.447,24.979,5.826,6.436,3.725,1.436,0.406,9.653,10.892,6.065,2.374,0.687,8.463,9.466,5.27,2.113,0.666,4.911,5.491,3.103,1.269,0.358,2.295,2.488,1.453,0.578,0.174
Japão,Argélia,61.651,20.507,17.842,4.885,4.853,2.394,0.813,0.212,9.811,9.511,4.872,1.575,0.436,9.832,9.63,4.829,1.629,0.424,6.883,6.636,3.28,1.107,0.252,3.584,3.484,1.725,0.593,0.161
Japão,Jordânia,76.479,14.166,9.355,3.152,2.495,1.129,0.291,0.069,8.073,6.452,2.738,0.83,0.176,10.43,8.675,3.513,1.017,0.229,9.639,7.852,3.194,0.908,0.196,6.399,5.415,2.178,0.626,0.128
Japão,Portugal,29.508,25.167,45.325,7.16,10.499,7.877,4.066,1.509,8.01,11.639,8.893,4.501,1.723,4.698,6.947,5.238,2.698,1.078,1.845,2.76,2.077,1.003,0.412,0.55,0.851,0.652,0.343,0.12
Japão,Colômbia,29.789,26.835,43.376,8.965,12.108,8.095,3.751,1.247,9.375,12.456,8.479,3.805,1.399,5.079,6.832,4.569,2.134,0.761,1.898,2.472,1.655,0.752,0.25,0.513,0.658,0.49,0.221,0.09
Japão,Uzbequistão,79.57,13.362,7.068,3.622,2.289,0.85,0.184,0.031,9.454,6.248,2.161,0.487,0.103,12.338,8.223,2.877,0.637,0.124,10.954,7.235,2.513,0.55,0.127,7.503,4.93,1.664,0.436,0.059
Japão,RD Congo,55.45,27.218,17.332,12.781,8.284,2.676,0.61,0.096,17.648,11.385,3.832,0.834,0.163,12.534,8.175,2.733,0.601,0.091,5.933,3.849,1.312,0.307,0.061,2.228,1.432,0.488,0.124,0.011
Japão,Inglaterra,25.53,27.351,47.119,10.18,13.618,9.398,4.253,1.576,9.167,12.549,8.573,3.968,1.434,4.423,5.925,4.015,1.913,0.667,1.355,1.88,1.256,0.563,0.223,0.313,0.459,0.293,0.148,0.042
Japão,Croácia,47.416,24.607,27.977,6.408,7.274,4.237,1.72,0.493,9.773,11.424,6.714,2.728,0.817,8.158,9.126,5.427,2.147,0.694,4.368,4.987,2.859,1.194,0.365,1.804,2.058,1.155,0.448,0.144
Japão,Gana,67.418,20.235,12.347,7.235,4.974,1.697,0.427,0.066,13.824,9.372,3.256,0.766,0.121,13.321,9.141,3.112,0.752,0.133,8.827,6.025,2.192,0.469,0.079,4.441,2.97,1.056,0.234,0.043
Japão,Panamá,70.414,18.145,11.441,5.411,4.065,1.416,0.401,0.055,11.703,8.535,3.288,0.857,0.139,12.678,9.237,3.474,0.838,0.184,9.323,6.81,2.49,0.638,0.11,5.102,3.747,1.445,0.335,0.082
Suécia,Tunísia,63.76,18.678,17.562,3.133,3.496,2.067,0.813,0.269,7.112,8.09,4.689,1.793,0.547,8.135,9.21,5.465,2.089,0.67,6.426,7.258,4.156,1.666,0.51,3.877,4.377,2.498,1.031,0.296
Tunísia,Bélgica,8.361,17.14,74.499,6.496,14.049,14.837,10.96,6.149,3.696,7.79,8.495,6.018,3.492,1.038,2.204,2.46,1.745,0.988,0.2,0.465,0.491,0.36,0.205,0.034,0.075,0.076,0.045,0.03
Tunísia,Egito,20.14,26.927,52.933,11.056,15.682,11.107,5.512,2.057,8.282,12.028,8.635,4.295,1.55,3.363,4.631,3.344,1.631,0.592,0.922,1.199,0.895,0.466,0.162,0.181,0.271,0.163,0.088,0.031
Tunísia,Irã,23.892,26.65,49.458,9.782,13.811,9.949,4.755,1.709,8.726,12.226,8.684,4.211,1.592,3.941,5.621,4.014,1.997,0.721,1.215,1.744,1.227,0.58,0.214,0.276,0.425,0.28,0.161,0.043
Tunísia,Nova Zelândia,43.242,23.923,32.835,5.381,7.085,4.875,2.205,0.747,8.231,11.035,7.521,3.448,1.282,6.761,8.678,5.802,2.737,1.032,3.542,4.798,3.213,1.459,0.49,1.463,1.946,1.357,0.617,0.22
Tunísia,Espanha,2.591,8.251,89.158,3.151,9.416,14.144,14.681,11.522,1.216,3.739,5.733,5.728,4.531,0.279,0.751,1.17,1.225,0.964,0.032,0.089,0.172,0.173,0.125,0.002,0.01,0.025,0.013,0.017
Tunísia,Uruguai,11.394,22.218,66.388,9.784,16.818,14.891,8.886,4.053,5.503,9.58,8.462,4.969,2.27,1.525,2.698,2.565,1.459,0.709,0.335,0.564,0.483,0.269,0.128,0.054,0.092,0.067,0.045,0.015
Tunísia,Arábia Saudita,31.97,31.172,36.858,14.261,14.425,7.509,2.547,0.723,12.977,13.302,6.725,2.343,0.601,6.097,6.241,3.226,1.111,0.312,1.981,2.05,1.035,0.355,0.083,0.466,0.474,0.245,0.085,0.028
Tunísia,Cabo Verde,30.198,30.896,38.906,14.187,14.872,8.011,2.865,0.851,12.632,13.109,6.932,2.591,0.685,5.599,5.942,3.191,1.136,0.323,1.683,1.835,1.013,0.387,0.092,0.405,0.482,0.229,0.081,0.021
Tunísia,França,3.404,9.002,87.594,2.975,8.998,13.601,13.641,10.506,1.417,4.211,6.39,6.463,4.945,0.356,1.037,1.53,1.556,1.235,0.061,0.157,0.275,0.259,0.214,0.009,0.013,0.033,0.034,0.026
Tunísia,Senegal,12.182,18.957,68.861,5.688,11.708,12.563,8.819,4.817,4.255,8.884,9.393,6.761,3.476,1.573,3.412,3.563,2.573,1.375,0.417,0.93,0.924,0.741,0.385,0.08,0.161,0.167,0.146,0.075
Tunísia,Noruega,9.041,12.814,78.145,2.069,5.884,8.687,8.431,6.455,1.917,5.468,7.928,8.036,6.019,0.918,2.623,3.863,3.76,2.868,0.291,0.854,1.221,1.173,0.878,0.083,0.212,0.314,0.321,0.217
Tunísia,Iraque,39.915,27.65,32.435,9.628,10.357,5.737,2.229,0.595,11.898,12.764,7.091,2.664,0.761,7.371,8.012,4.48,1.644,0.521,3.206,3.434,1.849,0.701,0.192,1.045,1.129,0.633,0.265,0.069
Tunísia,Argentina,2.569,8.699,88.732,3.801,11.089,16.025,15.487,11.441,1.348,3.819,5.456,5.328,4.034,0.241,0.689,0.946,0.929,0.726,0.023,0.112,0.132,0.126,0.089,0.001,0.004,0.012,0.007,0.007
Tunísia,Áustria,12.923,19.095,67.982,5.549,11.53,11.875,8.513,4.546,4.39,8.939,9.485,6.859,3.693,1.725,3.459,3.784,2.735,1.493,0.447,0.945,1.053,0.73,0.42,0.101,0.249,0.229,0.154,0.085
Tunísia,Argélia,18.69,22.268,59.042,6.255,11.253,10.545,6.651,3.027,5.781,10.491,9.699,5.987,2.888,2.743,4.86,4.504,2.943,1.313,0.871,1.532,1.478,0.89,0.453,0.217,0.362,0.314,0.214,0.119
Tunísia,Jordânia,30.622,24.83,44.548,6.44,9.689,7.433,3.838,1.519,7.724,11.459,8.955,4.655,1.834,4.746,7.267,5.553,2.831,1.086,2.005,2.95,2.233,1.22,0.456,0.628,0.997,0.73,0.383,0.146
Tunísia,Portugal,4.791,11.344,83.865,3.711,9.883,13.645,12.749,9.129,1.984,5.258,7.096,6.901,4.713,0.493,1.396,2.02,1.863,1.321,0.104,0.264,0.366,0.314,0.241,0.014,0.036,0.062,0.047,0.039
Tunísia,Colômbia,5.59,13.365,81.045,5.175,12.533,15.735,12.607,8.022,2.577,6.027,7.4,6.196,3.943,0.598,1.552,1.877,1.553,1.004,0.109,0.285,0.342,0.256,0.173,0.014,0.028,0.037,0.034,0.027
Tunísia,Uzbequistão,35.633,26.698,37.669,8.341,10.458,6.573,2.883,0.994,10.053,12.466,7.981,3.423,1.124,6.226,7.675,4.937,2.097,0.716,2.624,3.267,2.04,0.846,0.301,0.844,1.048,0.614,0.288,0.101
Tunísia,RD Congo,19.746,30.312,49.942,15.726,18.517,11.546,4.882,1.539,9.916,11.863,7.23,3.043,0.928,3.243,3.9,2.481,0.973,0.297,0.762,0.878,0.548,0.231,0.059,0.14,0.162,0.083,0.036,0.011
Tunísia,Inglaterra,4.409,12.513,83.078,5.3,12.956,16.411,13.769,8.944,2.162,5.532,6.887,5.827,3.729,0.483,1.214,1.454,1.281,0.848,0.073,0.182,0.211,0.209,0.113,0.01,0.014,0.021,0.024,0.016
Tunísia,Croácia,11.24,18.224,70.536,5.645,11.862,12.614,9.138,5.206,4.019,8.59,9.381,6.689,3.848,1.454,3.151,3.278,2.488,1.36,0.377,0.794,0.844,0.642,0.315,0.062,0.156,0.157,0.127,0.065
Tunísia,Gana,26.097,28.39,45.513,11.392,14.419,9.284,3.957,1.356,10.174,12.754,8.099,3.692,1.21,4.475,5.651,3.746,1.618,0.53,1.401,1.824,1.157,0.46,0.152,0.364,0.405,0.288,0.09,0.037
Tunísia,Panamá,27.25,26.861,45.889,9.283,12.836,8.743,4.119,1.519,9.231,12.602,8.608,4.049,1.443,4.658,6.328,4.213,2.064,0.728,1.56,2.101,1.364,0.698,0.24,0.443,0.546,0.405,0.181,0.059
Suécia,Bélgica,19.509,20.049,60.442,3.7,7.733,8.264,6.25,3.339,4.141,8.857,9.363,7.008,3.925,2.335,5.153,5.538,3.949,2.183,0.941,1.974,2.19,1.599,0.882,0.295,0.64,0.661,0.487,0.309
Suécia,Egito,41.003,23.927,35.07,5.01,7.102,5.123,2.549,0.914,7.693,10.962,7.782,3.861,1.373,5.995,8.712,6.07,3.019,1.051,3.186,4.55,3.221,1.611,0.579,1.362,1.832,1.331,0.606,0.24
Suécia,Irã,47.355,22.321,30.324,3.923,5.535,3.981,1.913,0.625,7.042,9.73,6.97,3.345,1.336,6.308,8.975,6.322,3.122,1.128,3.917,5.588,4.006,1.947,0.688,1.873,2.571,1.785,0.921,0.348
Suécia,Nova Zelândia,73.753,13.397,12.85,1.123,1.438,1.006,0.482,0.157,3.348,4.508,2.997,1.375,0.48,5.265,6.955,4.659,2.162,0.798,5.673,7.304,5.018,2.316,0.805,4.638,6.071,4.108,1.845,0.644
Suécia,Espanha,6.766,11.455,81.779,2.139,6.359,9.522,9.581,7.56,1.677,5.059,7.516,7.737,6.136,0.687,2.131,3.126,3.196,2.404,0.204,0.535,0.798,0.954,0.721,0.045,0.123,0.187,0.211,0.162
Suécia,Uruguai,25.458,23.084,51.458,5.486,9.534,8.212,4.883,2.207,6.276,10.575,9.433,5.542,2.472,3.664,6.343,5.54,3.271,1.537,1.47,2.554,2.132,1.286,0.609,0.436,0.761,0.695,0.372,0.179
Suécia,Arábia Saudita,57.567,21.936,20.497,5.435,5.58,2.972,1.037,0.266,10.048,10.273,5.306,1.844,0.499,9.562,9.55,4.934,1.748,0.479,6.146,6.051,3.178,1.115,0.289,3.011,3.066,1.609,0.514,0.161
Suécia,Cabo Verde,54.903,22.713,22.384,5.696,5.997,3.253,1.196,0.339,10.104,10.546,5.647,2.044,0.613,9.095,9.61,5.163,1.887,0.546,5.65,5.793,3.062,1.155,0.342,2.656,2.653,1.502,0.533,0.14
França,Suécia,78.497,12.655,8.848,1.904,1.901,0.849,0.272,0.092,5.599,5.31,2.559,0.807,0.207,8.333,7.833,3.863,1.207,0.343,8.418,7.982,3.889,1.277,0.291,6.474,6.152,2.897,0.96,0.257
Suécia,Senegal,28.438,20.442,51.12,2.616,5.465,5.606,4.133,2.237,3.973,8.123,8.611,6.101,3.359,3.006,6.514,6.547,4.684,2.584,1.6,3.323,3.507,2.493,1.37,0.655,1.271,1.378,0.956,0.589
Suécia,Noruega,24.1,16.201,59.699,0.873,2.269,3.259,3.237,2.503,1.492,4.121,6.204,6.121,4.627,1.5,4.071,5.765,5.82,4.327,0.857,2.59,3.907,3.672,2.863,0.467,1.316,1.88,1.792,1.344
Suécia,Iraque,68.88,16.658,14.462,2.63,2.896,1.617,0.606,0.162,6.687,7.165,3.844,1.505,0.408,8.361,9.026,4.896,1.868,0.551,7.176,7.713,4.196,1.59,0.424,4.588,4.989,2.783,1.037,0.341
Suécia,Argentina,6.382,11.806,81.812,2.76,7.712,11.113,10.647,7.855,1.91,5.482,7.784,7.559,5.587,0.72,1.909,2.797,2.654,1.975,0.162,0.462,0.734,0.673,0.498,0.032,0.102,0.126,0.145,0.089
Suécia,Áustria,29.869,20.661,49.47,2.402,5.083,5.381,3.822,2.046,3.947,8.081,8.607,5.886,3.17,3.166,6.503,6.782,4.796,2.62,1.739,3.473,3.684,2.7,1.379,0.728,1.473,1.474,1.09,0.606
Suécia,Argélia,40.663,21.222,38.115,2.374,4.413,3.937,2.434,1.199,4.515,8.133,7.346,4.747,2.171,4.285,7.767,7.151,4.288,2.028,2.727,4.897,4.461,2.844,1.364,1.371,2.353,2.205,1.343,0.613
Suécia,Jordânia,58.448,18.464,23.088,1.867,2.789,2.123,1.122,0.4,4.525,6.763,5.21,2.682,1.071,5.56,8.159,6.312,3.272,1.282,4.425,6.865,5.276,2.76,1.14,2.795,4.345,3.302,1.685,0.632
Suécia,Portugal,12.099,14.607,73.294,2.212,5.911,8.146,7.468,5.262,2.292,6.032,8.468,7.888,5.65,1.208,3.263,4.427,4.209,2.993,0.453,1.189,1.737,1.553,1.213,0.145,0.353,0.467,0.454,0.326
Suécia,Colômbia,13.305,16.871,69.824,3.193,7.58,9.306,7.702,4.972,3.037,7.499,9.263,7.573,4.753,1.528,3.699,4.561,3.827,2.358,0.517,1.26,1.587,1.363,0.833,0.145,0.353,0.432,0.353,0.223
Suécia,Uzbequistão,64.216,17.702,18.082,2.375,3.031,1.875,0.789,0.271,5.8,7.238,4.674,1.969,0.606,7.146,8.785,5.605,2.445,0.779,6.057,7.478,4.707,1.943,0.628,3.733,4.725,2.89,1.271,0.479
Suécia,RD Congo,39.255,26.43,34.315,8.133,9.641,5.801,2.392,0.794,10.15,12.222,7.598,3.098,1.016,6.913,8.262,5.081,2.095,0.665,3.075,3.751,2.316,0.88,0.308,1.032,1.313,0.833,0.325,0.102
Suécia,Inglaterra,11.025,15.592,73.383,3.413,8.47,10.446,8.925,5.724,2.999,7.21,9.049,7.505,4.879,1.302,3.18,3.824,3.272,2.152,0.368,0.97,1.191,0.983,0.652,0.081,0.215,0.266,0.241,0.147
Suécia,Croácia,26.426,20.471,53.103,2.579,5.531,5.966,4.376,2.465,3.831,8.333,8.622,6.372,3.492,2.886,5.996,6.553,4.762,2.659,1.48,3.105,3.266,2.4,1.335,0.565,1.139,1.299,0.928,0.537
Suécia,Gana,50.14,22.699,27.161,4.612,5.765,3.667,1.574,0.563,8.13,10.313,6.609,2.823,0.955,7.372,9.286,5.922,2.672,0.861,4.615,5.615,3.637,1.568,0.543,2.21,2.627,1.641,0.731,0.258
Suécia,Panamá,52.624,21.261,26.115,3.511,4.711,3.202,1.452,0.531,6.707,9.131,6.278,2.912,1.043,6.773,9.093,6.227,2.885,0.993,4.567,6.237,4.243,1.977,0.71,2.377,3.296,2.285,1.034,0.37
Bélgica,Egito,55.604,26.373,18.023,11.515,7.926,2.858,0.738,0.145,16.61,11.495,4.116,1.0,0.197,12.187,8.457,2.994,0.741,0.131,6.087,4.223,1.461,0.344,0.063,2.346,1.615,0.562,0.146,0.024
Bélgica,Irã,61.571,23.096,15.333,8.866,6.492,2.175,0.552,0.104,15.417,10.467,3.757,0.935,0.182,12.846,8.923,3.274,0.776,0.148,7.588,5.088,1.822,0.446,0.095,3.26,2.345,0.777,0.202,0.04
Nova Zelândia,Bélgica,5.481,10.933,83.586,2.693,7.474,11.285,11.172,8.666,1.698,5.059,7.373,7.441,5.662,0.581,1.746,2.521,2.546,1.916,0.139,0.381,0.596,0.567,0.452,0.017,0.078,0.083,0.102,0.085
Bélgica,Espanha,18.781,25.685,55.534,10.333,15.242,11.883,5.932,2.451,7.894,11.486,8.826,4.537,1.848,2.89,4.407,3.342,1.682,0.685,0.758,1.155,0.914,0.487,0.175,0.163,0.224,0.17,0.085,0.037
Bélgica,Uruguai,40.317,30.598,29.085,14.26,12.264,5.361,1.625,0.412,15.244,12.86,5.736,1.784,0.394,8.197,7.231,3.151,0.955,0.21,3.071,2.71,1.157,0.308,0.074,0.85,0.76,0.343,0.11,0.019
Bélgica,Arábia Saudita,68.015,21.949,10.036,10.515,5.207,1.327,0.227,0.028,18.064,9.115,2.36,0.402,0.056,15.92,7.881,2.108,0.321,0.068,9.392,4.685,1.189,0.2,0.02,4.295,2.206,0.544,0.094,0.011
Bélgica,Cabo Verde,65.688,23.026,11.286,11.022,5.852,1.535,0.265,0.043,18.152,9.621,2.573,0.467,0.053,15.197,7.96,2.137,0.381,0.046,8.837,4.537,1.242,0.232,0.036,3.779,2.04,0.545,0.104,0.014
Bélgica,França,22.737,25.981,51.282,9.242,13.549,10.075,5.228,1.97,8.202,11.883,8.938,4.534,1.788,3.618,5.447,4.119,2.102,0.791,1.129,1.7,1.218,0.68,0.243,0.282,0.424,0.275,0.152,0.053
Bélgica,Senegal,46.249,26.198,27.553,8.372,8.692,4.474,1.651,0.455,12.038,12.241,6.425,2.257,0.662,8.542,8.906,4.7,1.722,0.429,4.103,4.25,2.257,0.803,0.255,1.579,1.604,0.845,0.297,0.078
Bélgica,Noruega,45.155,22.595,32.25,4.063,5.732,4.236,2.147,0.804,6.736,9.822,7.11,3.715,1.366,6.052,8.827,6.365,3.206,1.282,3.786,5.25,3.783,1.984,0.76,1.753,2.414,1.751,0.869,0.317
Bélgica,Iraque,78.244,15.076,6.68,5.527,2.935,0.781,0.153,0.02,12.65,6.974,1.808,0.353,0.05,14.859,8.228,2.233,0.428,0.072,11.939,6.347,1.84,0.309,0.049,7.194,3.901,1.073,0.212,0.03
Bélgica,Argentina,17.209,26.643,56.148,12.423,17.544,12.454,6.223,2.36,8.146,11.205,8.068,4.132,1.574,2.651,3.821,2.66,1.336,0.483,0.604,0.831,0.648,0.328,0.097,0.114,0.144,0.117,0.06,0.026
Bélgica,Áustria,48.177,25.421,26.402,7.904,8.137,4.256,1.555,0.392,11.815,11.798,6.283,2.27,0.595,8.88,9.175,4.681,1.727,0.481,4.476,4.611,2.317,0.932,0.224,1.756,1.759,0.9,0.342,0.098
Bélgica,Argélia,57.673,22.96,19.367,6.963,6.083,2.849,0.937,0.225,12.078,10.722,5.047,1.607,0.395,10.501,9.382,4.354,1.396,0.327,6.4,5.749,2.705,0.809,0.195,2.897,2.602,1.181,0.359,0.103
Bélgica,Jordânia,72.613,16.802,10.585,4.677,3.6,1.38,0.399,0.058,10.916,7.921,2.882,0.769,0.158,12.207,8.931,3.388,0.91,0.174,9.553,7.123,2.709,0.725,0.136,5.589,4.202,1.656,0.403,0.083
Bélgica,Portugal,27.604,27.001,45.395,9.241,12.687,8.675,4.222,1.443,9.122,12.582,8.449,3.937,1.432,4.778,6.339,4.396,2.053,0.69,1.624,2.183,1.464,0.703,0.243,0.445,0.601,0.42,0.213,0.071
Bélgica,Colômbia,28.063,28.824,43.113,11.647,13.94,8.614,3.744,1.272,10.658,12.903,7.826,3.424,1.123,5.088,5.975,3.719,1.511,0.496,1.602,1.918,1.189,0.495,0.157,0.394,0.51,0.277,0.125,0.056
Bélgica,Uzbequistão,75.571,15.952,8.477,5.365,3.25,1.06,0.215,0.045,12.168,7.469,2.458,0.512,0.094,13.775,8.47,2.632,0.622,0.081,11.035,6.706,2.108,0.43,0.075,6.462,3.894,1.257,0.247,0.054
Bélgica,RD Congo,51.521,30.151,18.328,16.221,9.653,2.984,0.624,0.098,19.348,11.597,3.506,0.748,0.126,12.094,7.141,2.124,0.456,0.064,5.052,3.032,0.981,0.195,0.023,1.604,0.911,0.292,0.044,0.013
Bélgica,Inglaterra,24.167,28.896,46.937,12.777,15.937,9.925,4.191,1.462,10.358,12.584,7.899,3.421,1.031,4.203,5.173,3.12,1.398,0.444,1.118,1.442,0.881,0.377,0.118,0.246,0.291,0.214,0.089,0.037
Bélgica,Croácia,44.029,26.696,29.275,8.609,9.091,4.832,1.75,0.522,11.85,12.426,6.804,2.473,0.744,8.171,8.449,4.747,1.754,0.464,3.765,4.077,2.191,0.811,0.243,1.373,1.506,0.815,0.273,0.095
Bélgica,Gana,63.052,23.317,13.631,10.013,6.267,1.987,0.411,0.072,16.578,10.194,3.215,0.741,0.125,14.043,8.55,2.721,0.577,0.112,7.934,4.877,1.568,0.361,0.064,3.342,2.171,0.682,0.152,0.028
Bélgica,Panamá,66.108,20.932,12.96,7.843,5.295,1.833,0.435,0.073,14.289,9.49,3.327,0.796,0.143,13.562,9.084,3.111,0.769,0.126,8.601,5.806,1.979,0.456,0.087,4.13,2.798,0.92,0.212,0.032
Egito,Irã,39.133,29.866,31.001,12.513,11.784,5.74,1.858,0.536,13.881,13.346,6.355,2.177,0.575,7.678,7.33,3.542,1.199,0.288,3.054,2.843,1.405,0.429,0.092,0.867,0.816,0.433,0.141,0.035
Nova Zelândia,Egito,16.875,20.804,62.321,5.653,10.961,10.694,7.253,3.639,4.973,9.662,9.801,6.391,3.292,2.366,4.569,4.425,2.886,1.45,0.709,1.424,1.429,0.932,0.485,0.179,0.344,0.33,0.227,0.121
Egito,Espanha,7.785,17.642,74.573,7.736,15.674,16.192,11.318,6.03,3.731,7.663,7.969,5.516,2.953,1.036,1.989,1.995,1.412,0.754,0.161,0.362,0.337,0.231,0.117,0.023,0.041,0.05,0.037,0.016
Egito,Uruguai,22.404,30.449,47.147,15.165,17.573,10.333,4.264,1.344,10.776,12.34,7.281,2.997,0.971,3.765,4.495,2.685,1.079,0.336,0.968,1.083,0.69,0.24,0.093,0.169,0.182,0.125,0.049,0.017
Egito,Arábia Saudita,46.771,31.247,21.982,15.973,10.752,3.841,0.874,0.16,17.953,12.495,4.262,1.023,0.203,10.526,7.121,2.51,0.638,0.103,4.147,2.864,0.976,0.259,0.04,1.204,0.831,0.297,0.054,0.01
Egito,Cabo Verde,44.672,31.654,23.674,16.128,11.531,4.281,1.02,0.193,17.65,12.736,4.526,1.083,0.177,9.788,6.983,2.517,0.584,0.133,3.805,2.651,0.918,0.258,0.041,1.088,0.805,0.277,0.058,0.015
Egito,França,9.67,18.799,71.531,7.289,14.435,14.721,10.331,5.237,4.251,8.457,8.583,5.806,3.24,1.302,2.526,2.647,1.773,0.866,0.282,0.506,0.51,0.37,0.199,0.03,0.088,0.072,0.056,0.034
Egito,Senegal,25.204,26.715,48.081,9.425,13.296,9.387,4.49,1.625,8.784,12.402,8.807,4.183,1.538,4.162,5.926,4.149,2.082,0.736,1.339,1.924,1.376,0.664,0.253,0.344,0.46,0.371,0.162,0.07
Egito,Noruega,22.026,21.245,56.729,4.405,8.326,8.286,5.555,2.9,4.944,9.444,9.459,6.491,3.291,2.89,5.658,5.641,3.844,1.904,1.149,2.23,2.217,1.463,0.809,0.369,0.661,0.684,0.449,0.262
Egito,Iraque,56.84,25.262,17.898,10.109,7.577,2.761,0.704,0.113,15.306,11.379,4.289,1.086,0.215,12.162,8.841,3.282,0.798,0.154,6.413,4.716,1.761,0.462,0.076,2.596,1.85,0.707,0.16,0.028
Egito,Argentina,7.298,18.681,74.021,9.197,17.606,17.165,11.52,5.759,4.003,7.708,7.371,4.904,2.431,0.9,1.671,1.594,1.123,0.557,0.113,0.271,0.233,0.167,0.079,0.016,0.037,0.031,0.019,0.015
Egito,Áustria,26.425,26.651,46.924,9.165,12.555,9.037,4.277,1.586,8.921,12.282,8.831,4.153,1.628,4.345,6.154,4.412,2.142,0.724,1.5,2.102,1.511,0.732,0.272,0.399,0.561,0.372,0.183,0.054
Egito,Argélia,34.488,27.375,38.137,9.109,11.296,7.006,2.874,0.915,10.535,12.75,7.827,3.285,1.076,6.149,7.433,4.666,1.961,0.622,2.429,2.855,1.831,0.776,0.28,0.736,0.936,0.578,0.22,0.069
Egito,Jordânia,48.508,25.558,25.934,7.908,8.001,4.166,1.464,0.425,11.648,12.036,6.308,2.233,0.517,8.912,9.11,4.687,1.613,0.468,4.59,4.719,2.395,0.838,0.256,1.877,1.891,0.931,0.323,0.082
Egito,Portugal,12.543,20.954,66.503,8.019,14.669,13.744,8.633,4.318,5.242,9.567,9.137,5.706,2.68,1.748,3.245,2.912,1.902,0.904,0.422,0.764,0.666,0.415,0.189,0.055,0.121,0.119,0.094,0.039
Egito,Colômbia,13.333,23.299,63.368,10.306,16.935,13.946,8.045,3.547,6.149,10.028,8.483,4.747,2.14,1.935,3.159,2.625,1.454,0.666,0.439,0.69,0.58,0.322,0.124,0.086,0.115,0.1,0.04,0.018
Egito,Uzbequistão,53.105,25.829,21.066,9.578,7.832,3.403,1.001,0.236,13.996,11.699,5.018,1.472,0.355,10.578,9.084,3.885,1.166,0.248,5.617,4.621,2.033,0.627,0.12,2.152,1.811,0.789,0.236,0.039
Egito,RD Congo,32.03,34.982,32.988,19.729,16.077,6.592,1.864,0.413,15.662,12.984,5.328,1.477,0.332,6.437,5.17,2.112,0.59,0.131,1.76,1.368,0.6,0.147,0.025,0.374,0.343,0.128,0.03,0.01
Egito,Inglaterra,11.054,22.669,66.277,10.737,17.874,15.406,9.029,3.937,5.736,9.583,7.976,4.63,2.12,1.492,2.53,2.12,1.267,0.567,0.272,0.459,0.349,0.208,0.107,0.04,0.064,0.053,0.039,0.02
Egito,Croácia,23.653,26.275,50.072,9.4,13.48,10.0,4.849,1.871,8.461,12.087,8.889,4.35,1.668,3.925,5.549,4.082,2.002,0.78,1.255,1.752,1.306,0.646,0.243,0.272,0.392,0.31,0.161,0.057
Egito,Gana,41.197,30.781,28.022,14.063,11.832,5.15,1.527,0.329,15.318,13.09,5.657,1.693,0.394,8.383,7.429,3.235,0.929,0.229,3.213,2.694,1.263,0.363,0.07,0.979,0.785,0.321,0.113,0.028
Egito,Panamá,43.548,28.788,27.664,11.578,10.5,4.851,1.61,0.402,14.09,12.962,6.008,1.895,0.446,8.821,8.005,3.724,1.192,0.28,3.736,3.371,1.578,0.479,0.128,1.173,1.094,0.5,0.173,0.042
Irã,Nova Zelândia,58.405,21.322,20.273,5.046,5.051,2.87,1.028,0.275,9.415,9.854,5.261,1.885,0.539,9.229,9.817,5.051,1.918,0.536,6.095,6.487,3.438,1.181,0.335,3.016,3.283,1.687,0.613,0.175
Irã,Espanha,6.015,14.06,79.925,5.504,12.987,15.425,12.72,7.754,2.754,6.418,7.574,6.188,3.817,0.68,1.66,1.843,1.544,0.921,0.138,0.283,0.338,0.264,0.167,0.026,0.036,0.046,0.037,0.027
Irã,Uruguai,19.452,27.7,52.848,12.519,16.89,11.389,5.505,1.861,8.859,11.996,8.271,3.884,1.437,3.181,4.215,2.831,1.4,0.521,0.761,1.043,0.744,0.335,0.108,0.158,0.182,0.134,0.059,0.018
Irã,Arábia Saudita,44.034,30.416,25.55,14.264,11.208,4.491,1.21,0.27,16.204,12.75,5.347,1.463,0.314,9.396,7.477,3.064,0.836,0.146,3.693,2.956,1.116,0.315,0.07,1.079,0.942,0.342,0.1,0.022
Irã,Cabo Verde,41.639,30.872,27.489,14.312,11.813,5.057,1.485,0.302,15.698,13.07,5.561,1.545,0.367,8.703,7.26,3.107,0.875,0.204,3.255,2.674,1.143,0.352,0.078,0.984,0.827,0.313,0.099,0.029
Irã,França,7.458,15.152,77.39,5.252,12.167,14.231,11.358,7.056,3.024,7.073,8.254,6.59,4.172,0.92,2.122,2.403,1.965,1.224,0.192,0.408,0.527,0.389,0.232,0.024,0.062,0.072,0.065,0.032
Irã,Senegal,21.468,24.234,54.298,7.508,12.145,10.051,5.658,2.486,6.989,11.375,9.395,5.239,2.339,3.338,5.318,4.461,2.544,1.058,1.022,1.768,1.414,0.799,0.386,0.28,0.44,0.364,0.214,0.085
Irã,Noruega,18.046,18.609,63.345,3.155,6.98,8.012,6.235,3.882,3.448,8.084,9.357,7.274,4.238,2.115,4.716,5.378,4.212,2.543,0.915,1.869,2.2,1.651,0.996,0.273,0.551,0.651,0.518,0.304
Irã,Iraque,53.898,25.199,20.903,8.904,7.724,3.411,0.976,0.211,13.803,11.649,5.026,1.518,0.332,10.787,9.107,3.936,1.113,0.261,5.65,4.771,2.076,0.638,0.129,2.291,1.913,0.799,0.287,0.069
Irã,Argentina,5.607,14.945,79.448,6.661,15.073,16.956,12.798,7.766,2.923,6.414,7.347,5.379,3.117,0.648,1.38,1.67,1.273,0.733,0.092,0.21,0.246,0.183,0.114,0.014,0.03,0.029,0.03,0.017
Irã,Áustria,22.531,24.31,53.159,7.192,11.769,9.67,5.349,2.329,6.92,11.339,9.436,5.342,2.285,3.538,5.602,4.734,2.529,1.078,1.135,1.889,1.576,0.934,0.365,0.32,0.525,0.418,0.237,0.108
Irã,Argélia,30.361,25.908,43.731,7.54,10.757,7.551,3.767,1.383,8.626,12.145,8.669,4.321,1.594,4.942,6.95,5.084,2.562,0.906,1.928,2.724,2.005,1.02,0.378,0.622,0.863,0.629,0.31,0.108
Irã,Jordânia,45.059,25.117,29.824,6.666,7.81,4.619,1.863,0.598,10.204,11.804,6.983,2.865,0.925,7.507,9.059,5.398,2.186,0.733,3.942,4.508,2.746,1.103,0.363,1.464,1.829,1.113,0.437,0.135
Irã,Portugal,9.97,17.436,72.594,5.943,12.78,13.666,10.024,5.694,3.925,8.114,8.745,6.452,3.613,1.29,2.717,2.82,2.197,1.226,0.3,0.592,0.692,0.514,0.299,0.059,0.104,0.125,0.097,0.044
Irã,Colômbia,10.732,19.9,69.368,7.74,14.947,14.572,9.492,4.822,4.745,9.049,8.625,5.647,2.878,1.486,2.73,2.711,1.804,0.877,0.283,0.571,0.59,0.368,0.178,0.051,0.087,0.09,0.051,0.031
Irã,Uzbequistão,49.57,25.525,24.905,8.258,7.91,4.088,1.328,0.352,12.229,11.843,5.967,2.186,0.535,9.344,9.024,4.542,1.49,0.403,4.741,4.718,2.339,0.808,0.234,1.879,1.82,0.946,0.311,0.068
Irã,RD Congo,29.121,33.187,37.692,17.498,16.415,7.801,2.588,0.669,13.706,12.936,6.234,2.04,0.518,5.417,5.337,2.528,0.78,0.223,1.476,1.477,0.7,0.216,0.06,0.335,0.297,0.148,0.044,0.009
Irã,Inglaterra,8.838,19.004,72.158,8.219,15.695,15.777,10.648,5.453,4.271,8.223,8.345,5.42,2.788,1.173,2.172,2.285,1.421,0.681,0.196,0.417,0.397,0.26,0.146,0.027,0.053,0.051,0.041,0.014
Irã,Croácia,20.144,23.573,56.283,7.401,12.285,10.686,6.12,2.682,6.749,11.019,9.368,5.448,2.379,3.062,5.086,4.289,2.467,1.076,0.949,1.548,1.346,0.778,0.336,0.209,0.37,0.324,0.186,0.08
Irã,Gana,37.7,29.604,32.696,12.053,12.143,6.167,2.053,0.567,13.184,13.278,6.642,2.346,0.6,7.379,7.214,3.761,1.294,0.336,2.849,2.855,1.346,0.48,0.122,0.838,0.835,0.405,0.132,0.031
Irã,Panamá,39.918,27.861,32.221,10.1,10.7,5.714,2.153,0.655,12.101,12.781,6.867,2.542,0.688,7.691,7.874,4.216,1.641,0.442,3.265,3.265,1.827,0.711,0.195,1.007,1.135,0.58,0.202,0.05
Nova Zelândia,Espanha,1.249,3.934,94.817,0.91,3.877,8.083,11.087,11.663,0.42,1.868,3.694,4.996,5.494,0.114,0.441,0.92,1.199,1.36,0.016,0.08,0.129,0.206,0.213,0.002,0.003,0.015,0.02,0.025
Nova Zelândia,Uruguai,8.623,15.463,75.914,4.592,10.931,12.958,10.456,6.413,3.072,7.229,8.656,6.922,4.3,1.113,2.42,2.977,2.371,1.45,0.282,0.632,0.646,0.602,0.331,0.038,0.099,0.139,0.109,0.06
Nova Zelândia,Arábia Saudita,29.317,26.437,44.246,8.254,11.427,8.044,3.769,1.404,8.859,12.37,8.842,4.206,1.478,4.927,6.656,4.859,2.291,0.791,1.872,2.533,1.826,0.859,0.335,0.496,0.763,0.506,0.23,0.087
Nova Zelândia,Cabo Verde,27.163,25.906,46.931,8.143,11.902,8.671,4.265,1.645,8.32,12.14,8.831,4.38,1.681,4.42,6.396,4.668,2.344,0.909,1.645,2.326,1.631,0.863,0.32,0.479,0.666,0.507,0.245,0.086
Nova Zelândia,França,1.782,4.633,93.585,0.902,3.7,7.501,10.198,10.685,0.545,2.112,4.087,5.707,6.023,0.137,0.62,1.212,1.591,1.739,0.031,0.107,0.222,0.349,0.352,0.004,0.021,0.038,0.041,0.051
Nova Zelândia,Senegal,8.858,12.85,78.292,2.232,6.472,9.069,8.993,6.615,2.018,5.646,8.147,7.903,5.915,0.925,2.622,3.683,3.588,2.538,0.285,0.782,1.189,1.05,0.889,0.068,0.18,0.275,0.282,0.209
Nova Zelândia,Noruega,5.456,7.83,86.714,0.635,2.259,4.557,6.097,6.359,0.62,2.501,4.829,6.573,6.7,0.346,1.416,2.734,3.678,3.738,0.123,0.504,1.031,1.409,1.446,0.037,0.188,0.318,0.44,0.437
Nova Zelândia,Iraque,37.128,24.23,38.642,5.078,7.558,5.664,2.814,1.167,7.33,11.086,8.227,4.321,1.633,5.522,8.198,6.143,3.157,1.288,2.691,3.985,3.102,1.647,0.589,1.133,1.511,1.15,0.63,0.251
Nova Zelândia,Argentina,1.252,4.219,94.529,1.249,4.771,9.566,12.406,12.416,0.497,1.959,3.83,4.964,5.167,0.089,0.418,0.837,1.029,1.024,0.019,0.063,0.113,0.15,0.166,0.004,0.009,0.017,0.018,0.021
Nova Zelândia,Áustria,9.296,13.301,77.403,2.161,6.249,8.756,8.545,6.286,2.022,5.798,8.278,7.892,5.792,1.019,2.681,3.872,3.719,2.789,0.299,0.87,1.215,1.212,0.843,0.074,0.215,0.32,0.298,0.233
Nova Zelândia,Argélia,14.648,16.739,68.613,2.672,6.559,8.365,7.088,4.492,2.943,7.077,9.042,7.831,4.981,1.584,3.934,5.1,4.198,2.778,0.623,1.426,1.99,1.582,0.983,0.156,0.435,0.507,0.481,0.269
Nova Zelândia,Jordânia,26.216,20.588,53.196,2.987,6.057,6.302,4.538,2.449,4.036,8.379,8.83,6.368,3.538,2.947,6.195,6.459,4.516,2.484,1.373,2.972,3.23,2.226,1.172,0.552,1.122,1.137,0.873,0.471
Nova Zelândia,Portugal,2.665,6.092,91.243,1.204,4.449,8.246,10.56,10.077,0.764,2.762,5.106,6.484,6.338,0.233,0.858,1.621,2.02,1.985,0.045,0.173,0.383,0.424,0.443,0.007,0.029,0.056,0.078,0.077
Nova Zelândia,Colômbia,3.311,7.715,88.974,1.899,6.195,10.51,11.569,10.303,1.11,3.575,5.976,6.787,5.827,0.326,1.059,1.806,1.958,1.705,0.061,0.204,0.36,0.374,0.321,0.013,0.03,0.056,0.056,0.058
Nova Zelândia,Uzbequistão,32.146,22.934,44.92,4.23,7.087,6.361,3.624,1.68,5.953,10.067,8.768,5.111,2.342,4.303,7.226,6.411,3.719,1.712,2.091,3.518,3.184,1.905,0.859,0.772,1.404,1.183,0.697,0.287
Nova Zelândia,RD Congo,16.774,23.897,59.329,8.853,14.516,12.183,6.962,3.058,6.569,10.871,8.873,5.251,2.183,2.507,4.17,3.575,1.961,0.942,0.698,1.119,0.907,0.534,0.224,0.13,0.269,0.172,0.107,0.057
Nova Zelândia,Inglaterra,2.56,6.932,90.508,1.928,6.353,10.809,12.748,11.071,0.936,3.256,5.426,6.314,5.607,0.226,0.821,1.418,1.605,1.423,0.035,0.161,0.272,0.285,0.259,0.007,0.017,0.041,0.031,0.041
Nova Zelândia,Croácia,7.843,12.327,79.83,2.168,6.415,9.266,9.165,7.076,1.883,5.438,7.845,7.74,5.898,0.814,2.351,3.476,3.434,2.622,0.245,0.712,1.04,1.011,0.78,0.05,0.152,0.209,0.211,0.207
Nova Zelândia,Gana,22.791,23.088,54.121,6.083,10.355,9.205,5.549,2.471,6.319,10.709,9.534,5.76,2.633,3.342,5.664,4.955,3.03,1.34,1.227,2.066,1.885,1.182,0.453,0.319,0.576,0.528,0.323,0.148
Nova Zelândia,Panamá,23.596,21.987,54.417,4.678,8.776,8.4,5.199,2.606,5.448,10.139,9.449,6.19,2.989,3.239,5.942,5.46,3.574,1.744,1.33,2.37,2.254,1.447,0.711,0.403,0.711,0.705,0.404,0.232
Uruguai,Espanha,15.027,25.348,59.625,11.785,17.733,13.624,7.08,2.828,7.201,10.71,8.18,4.291,1.606,2.298,3.373,2.529,1.288,0.51,0.503,0.747,0.536,0.305,0.117,0.07,0.12,0.086,0.047,0.019
Espanha,Arábia Saudita,84.134,12.147,3.719,5.932,2.061,0.386,0.046,0.004,14.377,4.939,0.93,0.106,0.006,17.532,6.317,1.121,0.148,0.012,14.632,5.326,1.013,0.143,0.014,9.367,3.428,0.602,0.072,0.011
Espanha,Cabo Verde,82.588,13.2,4.212,6.37,2.29,0.473,0.055,0.007,15.004,5.492,1.015,0.147,0.012,17.602,6.586,1.188,0.169,0.018,14.166,5.246,1.032,0.14,0.019,8.699,3.218,0.581,0.076,0.01
Espanha,França,41.457,27.605,30.938,9.705,10.29,5.371,1.907,0.555,12.258,12.742,6.853,2.475,0.702,7.981,8.21,4.442,1.608,0.468,3.302,3.513,1.927,0.654,0.194,1.117,1.205,0.576,0.231,0.057
Espanha,Senegal,67.824,19.599,12.577,6.356,4.538,1.773,0.433,0.09,12.555,9.097,3.395,0.906,0.188,12.675,9.402,3.467,0.876,0.136,8.676,6.364,2.342,0.614,0.127,4.617,3.454,1.23,0.311,0.059
Espanha,Noruega,69.503,16.751,13.746,2.933,2.998,1.571,0.495,0.142,7.202,7.344,3.801,1.385,0.359,8.839,8.941,4.774,1.673,0.469,7.373,7.634,4.04,1.41,0.402,4.879,4.931,2.499,0.918,0.266
Espanha,Iraque,91.642,6.42,1.938,2.468,0.945,0.156,0.02,0.001,8.043,2.836,0.564,0.091,0.01,13.199,5.017,0.933,0.115,0.015,14.739,5.64,1.064,0.163,0.017,12.244,4.769,0.9,0.131,0.02
Espanha,Argentina,32.155,31.142,36.703,14.312,14.298,7.253,2.545,0.674,13.09,13.347,6.818,2.387,0.655,6.128,6.147,3.114,1.142,0.319,2.035,2.052,1.054,0.34,0.101,0.506,0.478,0.239,0.091,0.028
Espanha,Áustria,70.078,18.363,11.559,5.714,4.121,1.541,0.397,0.097,12.06,8.625,3.18,0.778,0.171,12.626,9.229,3.354,0.857,0.173,9.233,6.584,2.533,0.629,0.116,4.975,3.816,1.357,0.335,0.038
Espanha,Argélia,78.085,14.559,7.356,4.471,2.74,0.826,0.197,0.028,10.525,6.814,2.167,0.51,0.074,13.413,8.312,2.706,0.593,0.08,11.179,7.023,2.343,0.508,0.083,7.15,4.495,1.433,0.305,0.056
Espanha,Jordânia,88.622,8.082,3.296,2.287,1.2,0.334,0.066,0.007,7.201,3.812,1.037,0.179,0.032,11.7,6.23,1.601,0.331,0.054,12.596,6.649,1.779,0.336,0.038,10.463,5.607,1.548,0.279,0.041
Espanha,Portugal,47.173,26.429,26.398,9.169,8.943,4.392,1.56,0.382,12.714,12.195,6.194,1.981,0.532,9.06,8.66,4.3,1.498,0.359,4.451,4.257,2.06,0.677,0.158,1.626,1.549,0.775,0.302,0.086
Espanha,Colômbia,47.033,27.995,24.972,11.357,9.825,4.203,1.263,0.302,14.702,12.402,5.543,1.722,0.379,9.593,8.387,3.704,1.118,0.241,4.283,3.654,1.657,0.491,0.111,1.471,1.283,0.586,0.166,0.039
Espanha,Uzbequistão,90.027,7.548,2.425,2.522,1.004,0.217,0.038,0.005,7.924,3.513,0.806,0.09,0.021,12.694,5.594,1.257,0.179,0.021,13.758,6.013,1.399,0.24,0.03,11.45,4.836,1.097,0.196,0.016
Espanha,RD Congo,69.657,21.801,8.542,11.754,4.895,1.055,0.175,0.021,19.788,8.3,1.819,0.281,0.025,16.883,7.149,1.598,0.219,0.023,10.044,4.292,0.9,0.138,0.019,4.557,1.952,0.399,0.059,0.011
Espanha,Inglaterra,41.442,30.118,28.44,13.313,11.74,5.124,1.525,0.34,14.894,13.039,5.922,1.77,0.419,8.494,7.336,3.351,1.004,0.242,3.38,2.878,1.314,0.39,0.088,0.998,0.863,0.405,0.119,0.024
Espanha,Croácia,65.635,20.535,13.83,6.547,5.013,1.996,0.529,0.097,12.812,9.65,3.64,0.961,0.189,12.562,9.386,3.635,0.974,0.197,8.435,6.057,2.309,0.643,0.132,4.127,3.114,1.184,0.288,0.055
Espanha,Gana,80.783,13.974,5.243,6.004,2.63,0.587,0.1,0.013,13.94,6.118,1.394,0.2,0.03,16.524,7.203,1.633,0.228,0.025,13.15,5.628,1.362,0.208,0.021,7.961,3.552,0.851,0.132,0.011
Espanha,Panamá,83.554,11.816,4.63,4.293,2.052,0.506,0.092,0.01,11.296,5.476,1.356,0.214,0.026,15.097,7.067,1.769,0.301,0.033,13.425,6.304,1.559,0.261,0.027,9.18,4.291,1.069,0.173,0.016
Arábia Saudita,Uruguai,13.318,26.957,59.725,14.712,20.275,14.543,7.038,2.556,7.423,10.139,7.379,3.588,1.292,1.876,2.647,1.937,0.921,0.304,0.352,0.485,0.35,0.166,0.059,0.044,0.053,0.04,0.023,0.003
Uruguai,Cabo Verde,57.912,27.514,14.574,14.849,8.018,2.173,0.398,0.053,20.366,10.613,2.895,0.492,0.082,13.989,7.333,1.87,0.357,0.052,6.559,3.371,0.902,0.172,0.034,2.284,1.233,0.321,0.06,0.01
Uruguai,França,17.9,25.654,56.446,10.706,16.185,12.094,6.254,2.415,7.705,11.404,8.599,4.537,1.706,2.81,4.207,3.127,1.665,0.656,0.725,1.017,0.766,0.376,0.145,0.131,0.204,0.168,0.059,0.039
Uruguai,Senegal,38.756,28.522,32.722,10.806,11.355,6.115,2.181,0.589,12.676,13.148,6.768,2.479,0.657,7.492,7.561,3.928,1.462,0.41,2.986,3.088,1.653,0.586,0.166,0.86,0.93,0.54,0.172,0.05
Uruguai,Noruega,37.124,24.254,38.622,5.451,7.929,5.787,2.953,1.13,7.639,11.176,8.328,4.13,1.564,5.576,8.073,5.962,3.036,1.192,2.816,4.054,2.908,1.449,0.579,1.007,1.481,1.174,0.526,0.199
Uruguai,Iraque,70.245,19.913,9.842,8.62,4.63,1.31,0.227,0.043,16.115,8.72,2.468,0.492,0.091,15.373,8.407,2.299,0.457,0.054,9.98,5.375,1.515,0.251,0.046,4.944,2.62,0.746,0.149,0.021
Uruguai,Argentina,13.48,26.443,60.077,13.752,19.678,14.506,7.102,2.683,7.165,10.449,7.556,3.804,1.444,1.956,2.854,2.053,1.037,0.377,0.381,0.525,0.369,0.18,0.074,0.057,0.074,0.054,0.024,0.009
Uruguai,Áustria,39.794,28.273,31.933,10.447,11.094,5.697,2.081,0.537,12.504,13.011,6.799,2.498,0.642,7.506,7.801,4.152,1.508,0.412,3.199,3.253,1.714,0.608,0.168,1.036,1.076,0.561,0.209,0.05
Uruguai,Argélia,49.132,26.561,24.307,9.67,8.79,3.952,1.274,0.311,13.655,12.212,5.784,1.84,0.385,9.699,8.693,3.991,1.257,0.302,4.806,4.205,1.881,0.629,0.141,1.77,1.688,0.733,0.261,0.054
Uruguai,Jordânia,63.728,21.413,14.859,7.135,5.49,2.157,0.536,0.122,13.315,10.017,3.982,0.99,0.184,12.253,9.27,3.596,0.951,0.18,7.794,5.923,2.299,0.607,0.13,3.854,2.915,1.157,0.314,0.057
Uruguai,Portugal,22.051,27.318,50.631,11.279,15.214,10.602,5.017,1.799,9.124,12.073,8.534,4.012,1.462,3.619,4.908,3.453,1.665,0.611,0.973,1.414,0.963,0.48,0.159,0.237,0.276,0.251,0.101,0.031
Uruguai,Colômbia,22.584,29.522,47.894,13.738,16.774,10.387,4.409,1.558,10.197,12.462,7.791,3.243,1.049,3.919,4.671,2.972,1.24,0.366,1.016,1.21,0.772,0.334,0.104,0.214,0.254,0.124,0.062,0.014
Uruguai,Uzbequistão,66.985,21.236,11.779,8.565,5.094,1.669,0.389,0.079,15.014,9.476,2.972,0.66,0.118,14.013,8.854,2.805,0.578,0.103,8.846,5.566,1.78,0.359,0.061,4.396,2.764,0.853,0.203,0.028
Uruguai,RD Congo,44.003,34.133,21.864,20.433,11.99,3.709,0.838,0.134,19.928,11.714,3.739,0.809,0.132,9.88,6.058,1.839,0.359,0.074,3.354,2.059,0.613,0.14,0.015,0.926,0.574,0.162,0.037,0.007
Uruguai,Inglaterra,19.21,29.552,51.238,14.775,18.318,11.762,5.079,1.653,9.558,11.895,7.522,3.181,1.086,3.137,3.921,2.623,1.074,0.329,0.678,0.865,0.548,0.239,0.076,0.111,0.183,0.094,0.05,0.02
Uruguai,Croácia,36.496,28.798,34.706,11.295,11.965,6.389,2.392,0.718,12.275,12.846,7.11,2.672,0.761,6.774,7.42,4.048,1.499,0.45,2.678,2.81,1.586,0.543,0.181,0.799,0.818,0.475,0.165,0.063
Uruguai,Gana,54.449,27.841,17.71,13.489,8.646,2.8,0.64,0.093,18.372,11.536,3.734,0.856,0.139,12.294,7.801,2.529,0.599,0.106,5.739,3.682,1.155,0.27,0.036,2.079,1.272,0.427,0.104,0.016
Uruguai,Panamá,57.53,25.708,16.762,11.142,7.505,2.646,0.605,0.105,16.643,11.123,3.903,0.87,0.16,12.376,8.611,3.096,0.705,0.134,6.558,4.414,1.558,0.332,0.054,2.7,1.742,0.56,0.148,0.014
Cabo Verde,Arábia Saudita,34.542,34.475,30.983,19.248,15.151,6.066,1.659,0.364,16.187,12.8,5.028,1.487,0.318,7.03,5.569,2.243,0.576,0.12,2.08,1.692,0.707,0.17,0.046,0.475,0.378,0.15,0.046,0.014
Arábia Saudita,França,4.808,12.995,82.197,5.732,13.731,16.667,13.741,8.551,2.445,5.652,6.926,5.753,3.737,0.52,1.26,1.429,1.205,0.781,0.078,0.208,0.216,0.172,0.111,0.012,0.022,0.022,0.017,0.01
Arábia Saudita,Senegal,14.381,23.127,62.492,9.152,15.76,13.082,7.673,3.443,6.137,10.468,8.944,5.165,2.296,2.154,3.513,3.036,1.827,0.786,0.46,0.902,0.709,0.429,0.196,0.087,0.142,0.126,0.063,0.041
Arábia Saudita,Noruega,11.335,16.51,72.155,3.865,9.216,11.3,8.869,5.469,3.367,7.676,9.239,7.472,4.502,1.382,3.195,3.92,3.115,1.93,0.392,0.916,1.117,0.897,0.529,0.088,0.211,0.275,0.211,0.142
Arábia Saudita,Iraque,40.711,30.711,28.578,13.621,11.739,5.212,1.646,0.394,14.861,13.377,5.816,1.817,0.414,8.163,7.326,3.293,0.988,0.246,3.238,2.944,1.256,0.385,0.073,0.956,0.799,0.39,0.106,0.033
Arábia Saudita,Argentina,3.455,12.953,83.592,6.951,16.137,18.888,15.102,9.114,2.045,4.975,5.843,4.563,2.761,0.371,0.801,0.93,0.72,0.441,0.039,0.082,0.088,0.092,0.048,0.004,0.007,0.01,0.006,0.005
Arábia Saudita,Áustria,15.213,23.407,61.38,9.087,15.25,12.739,7.432,3.215,6.278,10.573,8.947,5.053,2.352,2.273,3.756,3.262,1.971,0.833,0.557,0.958,0.78,0.442,0.202,0.098,0.198,0.131,0.097,0.039
Arábia Saudita,Argélia,20.949,26.122,52.929,9.856,14.396,10.7,5.588,2.138,8.086,11.905,8.915,4.505,1.778,3.422,4.997,3.775,1.898,0.746,0.957,1.361,1.08,0.539,0.187,0.204,0.28,0.235,0.118,0.041
Arábia Saudita,Jordânia,32.406,27.934,39.66,9.84,11.786,7.534,3.193,0.968,10.562,13.106,8.124,3.28,1.084,5.785,7.007,4.223,1.841,0.641,2.149,2.66,1.677,0.705,0.223,0.604,0.739,0.463,0.179,0.055
Arábia Saudita,Portugal,6.08,15.556,78.364,6.635,14.515,16.525,12.393,7.295,3.015,6.817,7.6,5.574,3.387,0.69,1.588,1.853,1.373,0.83,0.134,0.245,0.269,0.229,0.129,0.006,0.052,0.035,0.031,0.02
Arábia Saudita,Colômbia,6.958,17.983,75.059,8.778,17.179,17.266,11.723,6.035,3.717,7.376,7.337,5.014,2.682,0.822,1.685,1.65,1.109,0.588,0.138,0.249,0.24,0.171,0.092,0.017,0.032,0.029,0.017,0.008
Arábia Saudita,Uzbequistão,36.858,29.727,33.415,12.152,12.285,6.281,2.207,0.592,13.074,13.204,6.755,2.368,0.683,7.307,7.136,3.808,1.302,0.354,2.649,2.745,1.347,0.529,0.118,0.724,0.744,0.384,0.125,0.033
Arábia Saudita,RD Congo,20.866,34.687,44.447,21.126,20.417,10.297,3.44,0.934,11.936,11.756,5.774,1.904,0.497,3.549,3.336,1.682,0.603,0.128,0.687,0.682,0.348,0.119,0.028,0.108,0.111,0.052,0.018,0.004
Arábia Saudita,Inglaterra,5.697,17.076,77.227,8.847,17.731,18.311,12.564,6.727,3.294,6.835,6.787,4.833,2.499,0.66,1.27,1.273,0.891,0.487,0.092,0.143,0.178,0.113,0.064,0.003,0.021,0.021,0.012,0.008
Arábia Saudita,Croácia,13.407,22.428,64.165,9.003,15.608,13.783,8.159,3.769,5.741,10.065,8.787,5.285,2.4,1.897,3.482,2.952,1.707,0.78,0.418,0.738,0.69,0.367,0.162,0.071,0.131,0.112,0.068,0.04
Arábia Saudita,Gana,27.436,31.884,40.68,16.133,16.405,8.704,3.128,0.819,12.573,12.838,6.82,2.476,0.649,5.106,5.16,2.649,0.893,0.259,1.45,1.45,0.72,0.252,0.069,0.295,0.297,0.16,0.055,0.011
Arábia Saudita,Panamá,28.716,30.273,41.011,13.763,15.078,8.555,3.113,0.903,11.846,12.853,7.337,2.777,0.79,5.306,5.859,3.245,1.285,0.404,1.64,1.803,0.947,0.38,0.135,0.37,0.385,0.228,0.08,0.032
Cabo Verde,França,5.31,14.179,80.511,6.202,14.087,16.574,13.099,7.989,2.613,6.14,7.206,5.872,3.456,0.61,1.382,1.639,1.261,0.768,0.096,0.213,0.28,0.188,0.145,0.01,0.034,0.034,0.024,0.01
Cabo Verde,Senegal,15.859,24.277,59.864,9.762,15.573,12.597,7.189,2.999,6.688,10.898,8.913,4.908,2.076,2.406,3.924,3.159,1.774,0.73,0.564,0.919,0.779,0.418,0.195,0.09,0.151,0.163,0.078,0.04
Cabo Verde,Noruega,12.807,17.654,69.539,4.268,9.54,10.712,8.389,5.043,3.57,8.179,9.364,7.267,4.222,1.583,3.703,4.059,3.204,1.9,0.476,1.161,1.173,1.017,0.552,0.114,0.283,0.292,0.217,0.123
Cabo Verde,Iraque,42.91,29.932,27.158,13.403,11.392,4.957,1.402,0.309,15.366,12.951,5.584,1.617,0.38,8.978,7.54,3.161,0.996,0.215,3.566,2.943,1.264,0.39,0.095,1.081,0.846,0.375,0.109,0.025
Argentina,Cabo Verde,81.916,14.109,3.975,7.68,2.383,0.391,0.04,0.002,16.96,5.375,0.934,0.097,0.004,18.906,6.005,0.959,0.104,0.012,14.359,4.516,0.753,0.087,0.005,8.321,2.648,0.426,0.05,0.008
Cabo Verde,Áustria,16.865,24.183,58.952,9.326,14.993,12.304,6.911,2.848,6.928,10.928,8.943,5.001,2.192,2.524,4.174,3.402,1.847,0.757,0.653,1.022,0.882,0.474,0.208,0.128,0.189,0.151,0.088,0.05
Cabo Verde,Argélia,22.704,26.739,50.557,10.109,14.17,10.211,5.024,1.843,8.578,12.236,8.745,4.34,1.636,3.73,5.289,3.748,1.857,0.75,1.13,1.59,1.162,0.586,0.215,0.269,0.352,0.265,0.119,0.053
Cabo Verde,Jordânia,34.407,28.157,37.436,9.861,11.48,6.943,2.859,0.921,11.003,13.069,7.747,3.062,0.966,6.281,7.309,4.449,1.849,0.549,2.416,2.771,1.706,0.695,0.209,0.715,0.838,0.505,0.197,0.078
Cabo Verde,Portugal,7.041,16.761,76.198,7.136,14.979,16.039,11.706,6.717,3.449,7.33,7.744,5.875,3.237,0.851,1.818,2.028,1.378,0.768,0.152,0.31,0.3,0.245,0.132,0.031,0.033,0.044,0.041,0.02
Cabo Verde,Colômbia,7.875,19.175,72.95,9.268,17.693,16.787,10.965,5.484,4.191,7.967,7.489,4.921,2.486,1.007,1.811,1.737,1.205,0.53,0.14,0.302,0.304,0.192,0.094,0.017,0.03,0.028,0.028,0.011
Cabo Verde,Uzbequistão,39.096,29.537,31.367,12.143,11.64,5.808,1.97,0.499,13.558,13.127,6.555,2.193,0.546,7.593,7.476,3.746,1.264,0.324,2.977,2.873,1.446,0.478,0.139,0.896,0.898,0.441,0.163,0.04
Cabo Verde,RD Congo,22.399,35.043,42.558,21.254,19.947,9.578,3.053,0.757,12.632,11.961,5.775,1.908,0.483,3.973,3.574,1.704,0.52,0.139,0.77,0.738,0.383,0.119,0.029,0.107,0.108,0.05,0.018,0.005
Cabo Verde,Inglaterra,6.431,18.132,75.437,9.448,18.002,18.129,11.928,6.002,3.787,7.222,7.07,4.707,2.423,0.705,1.401,1.343,0.942,0.469,0.087,0.168,0.205,0.112,0.063,0.012,0.021,0.023,0.014,0.006
Cabo Verde,Croácia,14.693,23.532,61.775,9.567,15.678,13.182,7.617,3.264,6.281,10.45,8.837,5.098,2.206,2.196,3.621,3.091,1.679,0.763,0.465,0.87,0.74,0.396,0.183,0.091,0.17,0.112,0.065,0.027
Cabo Verde,Gana,29.314,32.04,38.646,16.149,16.11,7.954,2.701,0.719,13.254,12.857,6.553,2.279,0.589,5.647,5.439,2.764,0.959,0.256,1.58,1.5,0.78,0.247,0.067,0.341,0.326,0.204,0.06,0.022
Cabo Verde,Panamá,30.885,30.532,38.583,13.749,14.512,7.753,2.899,0.789,12.515,13.025,7.129,2.575,0.694,5.766,6.166,3.369,1.212,0.347,1.836,1.934,1.061,0.359,0.097,0.467,0.493,0.242,0.089,0.027
França,Senegal,64.239,20.27,15.491,5.662,4.936,2.111,0.672,0.151,11.13,9.458,4.096,1.263,0.286,11.261,9.617,4.208,1.286,0.316,7.84,6.538,2.792,0.849,0.17,3.88,3.41,1.509,0.426,0.087
Noruega,França,17.265,17.949,64.786,2.542,6.104,7.507,6.27,3.932,3.053,7.435,9.034,7.455,4.727,1.825,4.385,5.522,4.536,2.827,0.741,1.84,2.287,1.973,1.26,0.245,0.622,0.771,0.624,0.417
França,Iraque,90.305,7.315,2.38,2.378,1.012,0.219,0.04,0.004,7.605,3.379,0.721,0.105,0.011,12.546,5.683,1.29,0.202,0.026,13.862,6.187,1.355,0.242,0.028,11.49,5.135,1.159,0.194,0.022
França,Argentina,28.434,29.128,42.438,12.172,14.088,8.599,3.581,1.158,10.879,12.868,7.711,3.227,1.02,5.224,6.062,3.604,1.506,0.518,1.607,1.923,1.19,0.445,0.137,0.376,0.498,0.271,0.109,0.036
França,Áustria,65.706,19.635,14.659,5.149,4.402,2.049,0.597,0.131,10.798,9.175,3.988,1.199,0.283,11.169,9.525,4.324,1.31,0.294,7.823,6.685,2.957,0.886,0.191,4.215,3.621,1.566,0.515,0.09
França,Argélia,74.906,15.558,9.536,4.005,3.034,1.103,0.29,0.056,9.721,7.312,2.81,0.761,0.133,11.848,8.944,3.415,0.896,0.174,9.786,7.283,2.879,0.72,0.169,6.249,4.699,1.767,0.487,0.093
França,Jordânia,86.537,9.126,4.337,2.186,1.333,0.453,0.088,0.016,6.755,4.193,1.433,0.271,0.044,10.797,6.682,2.175,0.484,0.082,11.599,7.302,2.299,0.51,0.08,9.435,5.95,1.911,0.4,0.06
França,Portugal,42.462,26.194,31.344,7.934,9.046,5.169,2.034,0.594,10.728,12.214,7.158,2.89,0.852,7.532,8.524,5.002,1.974,0.62,3.611,4.113,2.355,0.937,0.289,1.274,1.545,0.818,0.348,0.102
França,Colômbia,42.866,27.77,29.364,9.953,9.812,5.246,1.792,0.501,12.653,12.79,6.503,2.32,0.627,8.081,8.277,4.323,1.481,0.431,3.623,3.616,1.889,0.643,0.172,1.269,1.242,0.683,0.24,0.055
França,Uzbequistão,88.271,8.34,3.389,2.442,1.257,0.323,0.065,0.006,7.425,3.886,1.08,0.196,0.018,12.023,6.09,1.635,0.315,0.052,12.784,6.593,1.747,0.332,0.055,10.707,5.376,1.384,0.261,0.041
França,RD Congo,66.832,22.666,10.502,11.173,5.624,1.395,0.233,0.029,18.422,9.226,2.37,0.371,0.056,15.591,7.912,2.046,0.335,0.037,9.143,4.471,1.163,0.207,0.033,4.043,1.996,0.527,0.074,0.013
França,Inglaterra,37.007,29.313,33.68,11.678,11.966,6.357,2.218,0.635,12.544,13.149,6.952,2.519,0.679,7.135,7.337,3.904,1.341,0.404,2.723,2.811,1.531,0.535,0.14,0.776,0.835,0.437,0.15,0.045
França,Croácia,61.607,21.377,17.016,5.886,5.272,2.41,0.754,0.18,11.404,10.197,4.576,1.429,0.324,10.763,9.679,4.328,1.285,0.321,7.046,6.455,2.742,0.854,0.213,3.544,3.107,1.382,0.413,0.099
França,Gana,78.31,15.02,6.67,5.764,3.026,0.791,0.14,0.016,13.145,6.926,1.802,0.31,0.057,15.314,8.023,2.009,0.409,0.051,11.885,6.155,1.747,0.293,0.046,7.249,3.877,1.003,0.178,0.027
França,Panamá,81.383,12.878,5.739,4.096,2.309,0.654,0.117,0.018,10.793,6.09,1.655,0.345,0.055,13.913,7.885,2.247,0.43,0.071,12.262,6.893,2.01,0.398,0.05,8.166,4.426,1.301,0.238,0.042
Noruega,Senegal,44.405,21.102,34.493,2.464,4.307,3.689,2.223,0.929,4.883,8.159,7.126,4.048,1.819,4.739,8.188,7.113,3.975,1.861,3.104,5.468,4.628,2.663,1.256,1.583,2.678,2.374,1.418,0.599
Senegal,Iraque,72.911,16.849,10.24,4.885,3.482,1.301,0.327,0.058,10.862,7.977,2.97,0.726,0.136,12.773,9.088,3.23,0.865,0.162,9.73,7.08,2.573,0.672,0.119,5.586,4.212,1.51,0.413,0.084
Senegal,Argentina,11.493,20.511,67.996,7.796,14.262,13.876,9.317,4.57,4.887,9.388,8.898,5.841,2.88,1.566,2.988,2.864,1.994,0.956,0.361,0.63,0.665,0.429,0.22,0.061,0.098,0.107,0.067,0.032
Senegal,Áustria,39.161,24.663,36.176,5.798,7.948,5.516,2.529,1.001,8.404,11.395,8.122,3.859,1.452,6.142,8.29,5.925,2.683,1.007,3.045,4.093,2.965,1.352,0.486,1.186,1.631,1.053,0.515,0.173
Senegal,Argélia,49.72,23.347,26.933,5.354,6.344,3.911,1.597,0.487,9.234,10.708,6.574,2.749,0.884,7.717,9.391,5.741,2.356,0.719,4.487,5.49,3.408,1.341,0.452,2.033,2.381,1.506,0.596,0.179
Senegal,Jordânia,65.315,18.837,15.848,3.968,3.841,2.009,0.656,0.169,8.654,8.61,4.401,1.506,0.369,9.522,9.414,4.787,1.665,0.459,7.185,7.266,3.63,1.264,0.325,4.157,4.128,2.147,0.721,0.186
Senegal,Portugal,19.497,22.26,58.243,5.951,10.871,9.967,6.267,3.013,5.838,10.446,9.796,6.089,2.858,2.812,5.102,4.767,3.042,1.441,0.894,1.602,1.576,0.983,0.481,0.232,0.42,0.397,0.235,0.107
Senegal,Colômbia,20.878,23.95,55.172,7.674,12.759,10.46,5.938,2.557,7.02,11.224,9.323,5.274,2.202,3.249,5.285,4.223,2.381,0.991,0.977,1.522,1.398,0.741,0.305,0.241,0.387,0.324,0.186,0.083
Senegal,Uzbequistão,69.441,17.911,12.648,4.679,3.802,1.613,0.466,0.142,10.234,8.301,3.531,1.043,0.263,11.473,9.418,3.957,1.15,0.261,8.601,7.092,3.137,0.848,0.177,4.868,4.077,1.672,0.441,0.117
Senegal,RD Congo,45.065,29.716,25.219,13.501,10.965,4.376,1.268,0.279,16.015,12.808,5.268,1.466,0.288,9.621,7.668,3.042,0.905,0.163,3.89,3.175,1.244,0.343,0.061,1.15,0.918,0.399,0.127,0.019
Senegal,Inglaterra,17.545,23.749,58.706,8.621,14.063,11.97,6.644,2.899,6.656,10.83,9.153,5.272,2.288,2.611,4.491,3.685,2.103,0.89,0.697,1.225,0.987,0.567,0.253,0.162,0.248,0.207,0.107,0.04
Senegal,Croácia,35.417,25.018,39.565,6.15,8.967,6.241,3.108,1.205,8.405,11.71,8.349,4.177,1.547,5.676,7.772,5.682,2.742,1.016,2.515,3.522,2.612,1.282,0.458,0.954,1.289,0.911,0.456,0.183
Senegal,Gana,56.336,24.443,19.221,8.391,6.868,2.934,0.883,0.178,13.771,11.353,4.809,1.427,0.323,11.059,9.184,3.96,1.182,0.243,6.144,5.099,2.154,0.673,0.15,2.621,2.181,0.936,0.281,0.06
Senegal,Panamá,59.152,22.372,18.476,6.558,5.843,2.738,0.823,0.188,11.701,10.432,4.829,1.526,0.378,10.503,9.655,4.404,1.335,0.327,6.741,5.808,2.864,0.876,0.204,3.074,2.858,1.286,0.389,0.09
Iraque,Noruega,6.895,11.035,82.07,1.699,5.145,8.244,8.839,7.355,1.482,4.588,7.187,7.76,6.445,0.656,2.074,3.358,3.533,2.905,0.166,0.616,1.032,1.153,0.93,0.053,0.16,0.204,0.243,0.213
Noruega,Argentina,12.564,17.052,70.384,3.801,8.77,10.415,8.501,5.129,3.381,7.867,9.43,7.171,4.457,1.55,3.59,4.119,3.363,2.055,0.517,1.084,1.23,1.084,0.647,0.114,0.274,0.314,0.263,0.165
Noruega,Áustria,45.995,20.737,33.268,2.333,3.907,3.391,2.052,0.883,4.723,7.83,6.795,4.005,1.84,4.788,7.925,6.956,4.031,1.827,3.287,5.59,4.681,2.828,1.24,1.767,2.89,2.659,1.479,0.666
Noruega,Argélia,57.831,18.841,23.328,2.121,2.923,2.301,1.144,0.443,4.919,7.02,5.324,2.652,1.095,5.721,8.442,6.35,3.219,1.25,4.561,6.863,5.028,2.584,1.057,2.907,4.168,3.146,1.559,0.643
Noruega,Jordânia,74.657,13.415,11.928,1.198,1.563,0.932,0.372,0.151,3.926,4.897,3.075,1.252,0.425,5.893,7.308,4.564,2.007,0.668,6.299,7.709,4.752,2.126,0.663,4.821,6.338,3.913,1.636,0.514
Noruega,Portugal,22.48,19.475,58.045,2.717,5.712,6.726,5.12,2.928,3.618,7.885,9.031,6.912,3.991,2.414,5.396,6.103,4.613,2.808,1.082,2.583,2.924,2.235,1.389,0.439,0.893,0.996,0.75,0.459
Noruega,Colômbia,23.761,20.903,55.336,3.745,7.441,7.375,5.19,2.689,4.747,9.073,9.404,6.366,3.396,2.968,5.848,5.933,4.169,2.154,1.297,2.476,2.589,1.814,0.908,0.431,0.852,0.824,0.598,0.31
Noruega,Uzbequistão,78.96,12.095,8.945,1.547,1.571,0.747,0.303,0.093,4.881,4.865,2.533,0.896,0.262,7.355,7.543,3.898,1.343,0.415,7.818,7.9,4.119,1.443,0.373,6.247,6.295,3.16,1.223,0.287
Noruega,RD Congo,53.367,23.967,22.666,6.935,6.876,3.387,1.189,0.342,11.517,11.309,5.77,1.938,0.506,9.576,9.372,4.671,1.549,0.44,5.513,5.362,2.642,0.937,0.231,2.311,2.288,1.175,0.404,0.105
Noruega,Inglaterra,19.329,20.559,60.112,4.283,8.691,8.888,6.229,3.333,4.521,9.388,9.667,6.79,3.458,2.528,4.97,5.284,3.71,2.013,0.928,1.927,2.012,1.362,0.742,0.255,0.59,0.539,0.435,0.21
Noruega,Croácia,41.471,21.507,37.022,2.593,4.583,3.931,2.465,1.178,4.764,8.336,7.408,4.41,2.046,4.448,7.798,7.047,4.145,1.858,2.889,4.856,4.488,2.781,1.239,1.415,2.459,2.226,1.311,0.639
Noruega,Gana,65.528,18.418,16.054,3.6,3.769,1.966,0.683,0.216,8.121,8.391,4.369,1.541,0.417,9.025,9.371,4.868,1.728,0.498,7.048,7.289,3.85,1.338,0.374,4.063,4.412,2.28,0.823,0.197
Noruega,Panamá,68.541,16.571,14.888,2.53,2.768,1.589,0.647,0.143,6.313,6.951,4.052,1.534,0.479,8.127,8.842,5.015,2.035,0.559,6.85,7.626,4.449,1.68,0.471,4.588,5.063,2.896,1.144,0.354
Iraque,Argentina,1.855,7.076,91.069,3.003,9.436,14.846,15.621,12.502,1.02,3.114,4.951,5.185,4.089,0.15,0.495,0.852,0.851,0.697,0.023,0.056,0.085,0.096,0.09,0.002,0.006,0.006,0.009,0.01
Iraque,Áustria,10.822,17.149,72.029,4.735,10.663,12.25,9.475,5.509,3.581,8.026,9.079,7.164,4.147,1.346,3.124,3.588,2.663,1.561,0.394,0.784,0.902,0.703,0.431,0.066,0.16,0.177,0.152,0.095
Iraque,Argélia,15.913,20.767,63.32,5.579,10.956,11.06,7.441,3.763,4.942,9.859,9.59,6.448,3.444,2.144,4.343,4.329,2.918,1.442,0.698,1.332,1.234,0.854,0.44,0.161,0.296,0.286,0.204,0.13
Iraque,Jordânia,26.858,23.942,49.2,5.904,9.682,8.075,4.517,1.973,6.868,11.075,9.446,5.197,2.269,4.017,6.619,5.529,3.097,1.349,1.548,2.555,2.19,1.268,0.502,0.487,0.828,0.655,0.361,0.151
Iraque,Portugal,3.665,9.213,87.122,2.933,8.505,13.148,13.401,10.213,1.517,4.272,6.527,6.657,5.06,0.362,1.12,1.681,1.742,1.315,0.061,0.196,0.282,0.295,0.245,0.009,0.03,0.032,0.04,0.031
Iraque,Colômbia,4.306,11.339,84.355,4.241,11.047,14.917,13.612,9.49,1.967,5.148,6.962,6.248,4.372,0.483,1.214,1.696,1.514,1.07,0.078,0.178,0.252,0.232,0.166,0.013,0.023,0.043,0.03,0.021
Iraque,Uzbequistão,32.185,26.045,41.77,7.817,10.674,7.224,3.54,1.283,9.225,12.239,8.639,3.919,1.4,5.453,7.159,5.0,2.396,0.849,2.142,2.943,2.018,0.895,0.354,0.663,0.93,0.565,0.293,0.09
Iraque,RD Congo,17.334,28.671,53.995,14.427,18.758,12.283,5.682,1.956,8.644,11.624,7.713,3.565,1.174,2.78,3.583,2.371,1.079,0.385,0.614,0.788,0.535,0.237,0.068,0.095,0.131,0.075,0.032,0.012
Iraque,Inglaterra,3.442,10.466,86.092,4.355,11.572,15.745,14.72,10.126,1.71,4.658,6.271,5.752,4.136,0.355,0.946,1.262,1.189,0.826,0.052,0.137,0.195,0.172,0.116,0.004,0.01,0.018,0.012,0.019
Iraque,Croácia,9.36,16.08,74.56,4.707,11.023,12.84,10.23,6.169,3.296,7.582,8.869,7.023,4.416,1.121,2.696,3.146,2.413,1.495,0.263,0.663,0.803,0.579,0.338,0.052,0.112,0.143,0.126,0.062
Iraque,Gana,22.994,26.998,50.008,10.519,14.667,10.348,4.939,1.75,8.916,12.348,8.547,4.072,1.431,3.899,5.263,3.614,1.738,0.674,1.091,1.513,1.107,0.472,0.187,0.255,0.374,0.245,0.112,0.039
Iraque,Panamá,24.033,25.955,50.012,8.684,12.556,9.58,4.953,1.956,8.179,12.102,9.064,4.691,1.721,3.867,5.828,4.337,2.252,0.899,1.248,1.874,1.416,0.759,0.28,0.296,0.476,0.336,0.185,0.065
Argentina,Áustria,69.59,19.582,10.828,7.12,4.535,1.443,0.327,0.058,13.786,8.93,2.803,0.65,0.099,14.189,8.91,3.075,0.662,0.106,9.688,5.969,1.895,0.411,0.078,4.817,3.181,1.009,0.214,0.04
Argentina,Argélia,77.907,14.835,7.258,5.374,3.094,0.895,0.166,0.027,12.532,6.763,1.985,0.409,0.05,14.655,8.192,2.292,0.46,0.08,11.71,6.55,1.842,0.356,0.057,7.168,4.048,1.106,0.228,0.049
Jordânia,Argentina,3.061,8.845,88.094,2.933,8.762,13.47,13.631,10.912,1.311,4.144,6.147,6.214,4.897,0.331,0.899,1.485,1.443,1.163,0.055,0.169,0.195,0.258,0.2,0.008,0.019,0.03,0.035,0.025
Argentina,Portugal,48.411,27.848,23.741,11.155,9.408,3.946,1.256,0.26,14.978,12.566,5.344,1.521,0.414,9.99,8.376,3.611,1.039,0.234,4.605,3.813,1.614,0.48,0.101,1.586,1.322,0.573,0.175,0.035
Argentina,Colômbia,47.716,29.627,22.657,13.863,10.156,3.946,1.02,0.207,16.471,12.334,4.727,1.249,0.243,10.325,7.844,3.059,0.743,0.153,4.533,3.243,1.302,0.347,0.068,1.416,1.087,0.383,0.104,0.023
Argentina,Uzbequistão,89.586,8.049,2.365,3.222,1.15,0.245,0.038,0.002,9.339,3.55,0.654,0.105,0.008,14.597,5.428,1.103,0.13,0.014,14.959,5.563,1.082,0.164,0.014,11.647,4.501,0.881,0.133,0.01
Argentina,RD Congo,69.374,22.594,8.032,13.404,5.012,0.927,0.122,0.009,21.59,7.862,1.556,0.182,0.023,17.997,6.574,1.241,0.18,0.011,9.789,3.659,0.68,0.086,0.006,4.12,1.54,0.306,0.037,0.001
Argentina,Inglaterra,42.71,31.328,25.962,15.687,11.966,4.697,1.275,0.244,16.904,12.73,5.069,1.375,0.293,9.214,6.929,2.646,0.689,0.156,3.421,2.642,0.93,0.253,0.048,0.954,0.686,0.327,0.061,0.012
Argentina,Croácia,66.213,21.281,12.506,8.048,5.264,1.679,0.404,0.07,14.816,9.702,3.263,0.742,0.12,13.537,9.072,3.07,0.684,0.133,8.657,5.723,1.901,0.421,0.071,4.128,2.705,0.927,0.23,0.04
Argentina,Gana,80.217,14.743,5.04,7.094,2.782,0.53,0.073,0.007,15.72,6.172,1.232,0.176,0.015,17.547,6.744,1.363,0.191,0.015,13.585,5.241,1.032,0.108,0.015,7.928,3.045,0.568,0.083,0.006
Argentina,Panamá,83.062,12.487,4.451,5.45,2.213,0.473,0.077,0.006,13.149,5.422,1.2,0.176,0.019,16.473,6.796,1.431,0.228,0.027,13.98,5.713,1.218,0.172,0.021,8.983,3.669,0.8,0.109,0.012
Argélia,Áustria,28.845,23.466,47.689,5.213,8.42,7.48,4.208,1.852,6.451,10.742,9.083,5.373,2.37,4.199,6.95,5.852,3.459,1.455,1.789,2.993,2.471,1.44,0.646,0.601,0.948,0.844,0.511,0.205
Áustria,Jordânia,63.966,19.171,16.863,3.789,3.968,1.984,0.718,0.212,8.082,8.618,4.621,1.631,0.491,8.976,9.613,5.095,1.803,0.537,7.008,7.228,3.622,1.453,0.393,3.983,4.059,2.142,0.772,0.19
Áustria,Portugal,18.723,21.403,59.874,5.515,10.422,10.198,6.747,3.293,5.396,9.972,9.72,6.216,3.09,2.656,4.865,4.685,3.061,1.54,0.885,1.628,1.616,1.088,0.511,0.216,0.394,0.428,0.272,0.131
Áustria,Colômbia,19.704,23.436,56.86,7.335,12.235,10.765,6.188,2.772,6.549,10.978,9.384,5.436,2.487,2.988,4.93,4.248,2.527,1.13,0.934,1.584,1.326,0.773,0.375,0.218,0.379,0.336,0.203,0.091
Áustria,Uzbequistão,68.726,18.144,13.13,4.396,3.754,1.665,0.509,0.13,9.774,8.472,3.691,1.16,0.256,11.022,9.487,4.23,1.228,0.283,8.269,6.975,3.218,0.903,0.227,4.888,4.18,1.853,0.524,0.132
Áustria,RD Congo,43.845,29.905,26.25,13.234,11.013,4.648,1.393,0.322,15.189,12.972,5.472,1.547,0.377,9.088,7.781,3.308,0.94,0.256,3.847,3.149,1.281,0.352,0.082,1.147,0.963,0.412,0.115,0.038
Áustria,Inglaterra,16.823,22.77,60.407,7.957,13.421,12.136,7.231,3.252,6.275,10.566,9.229,5.58,2.456,2.426,4.376,3.59,2.221,0.981,0.679,1.157,1.017,0.59,0.257,0.142,0.265,0.214,0.115,0.064
Áustria,Croácia,34.167,24.627,41.206,5.896,8.702,6.526,3.389,1.316,7.674,11.405,8.63,4.408,1.646,5.171,7.802,5.763,2.826,1.193,2.367,3.604,2.649,1.38,0.511,0.825,1.255,0.937,0.47,0.168
Áustria,Gana,54.9,24.762,20.338,8.295,7.1,3.092,0.985,0.23,12.982,11.396,5.137,1.528,0.318,10.457,9.161,4.295,1.253,0.311,6.027,5.139,2.316,0.71,0.15,2.497,2.144,1.014,0.281,0.063
Áustria,Panamá,57.94,22.647,19.413,6.193,5.917,2.837,0.877,0.225,11.367,10.775,5.158,1.607,0.387,10.209,9.59,4.611,1.466,0.391,6.334,5.97,2.797,0.951,0.218,3.038,2.8,1.365,0.43,0.111
Jordânia,Argélia,24.115,21.521,54.364,4.211,7.867,7.695,5.117,2.527,5.003,9.549,9.6,6.248,3.12,3.178,5.987,5.795,3.974,2.032,1.296,2.588,2.446,1.66,0.804,0.419,0.874,0.839,0.543,0.281
Argélia,Portugal,12.653,17.849,69.498,4.452,9.938,11.314,8.465,4.897,3.713,8.263,9.431,7.116,4.292,1.634,3.535,4.091,3.003,1.79,0.474,1.051,1.179,0.899,0.537,0.136,0.247,0.267,0.215,0.139
Argélia,Colômbia,13.587,20.14,66.273,6.145,11.963,12.265,8.256,4.345,4.708,9.402,9.354,6.255,3.368,1.86,3.739,3.807,2.595,1.37,0.508,0.997,0.972,0.706,0.38,0.088,0.199,0.227,0.142,0.074
Argélia,Uzbequistão,59.031,21.344,19.625,5.166,5.146,2.713,0.923,0.252,9.751,9.764,5.155,1.825,0.526,9.524,9.706,5.121,1.75,0.506,6.317,6.298,3.349,1.114,0.336,3.199,3.222,1.685,0.597,0.161
Argélia,RD Congo,35.75,30.52,33.73,13.272,13.094,6.446,2.114,0.569,13.347,13.345,6.671,2.217,0.562,7.097,6.939,3.435,1.207,0.308,2.492,2.424,1.231,0.435,0.1,0.643,0.642,0.328,0.127,0.031
Argélia,Inglaterra,11.37,19.016,69.614,6.604,13.138,13.533,9.382,4.891,4.341,8.723,9.095,6.224,3.315,1.507,3.138,3.141,2.191,1.149,0.377,0.751,0.756,0.493,0.248,0.063,0.138,0.114,0.099,0.05
Argélia,Croácia,25.342,23.226,51.432,5.382,9.146,8.185,4.953,2.201,6.224,10.774,9.489,5.595,2.575,3.615,6.334,5.493,3.282,1.503,1.422,2.497,2.191,1.371,0.639,0.441,0.789,0.634,0.413,0.189
Argélia,Gana,46.292,26.459,27.249,8.504,8.679,4.625,1.608,0.448,12.083,12.421,6.294,2.284,0.604,8.69,8.689,4.686,1.539,0.472,4.156,4.297,2.276,0.761,0.18,1.568,1.584,0.863,0.299,0.085
Argélia,Panamá,48.264,24.588,27.148,6.562,7.579,4.297,1.649,0.466,10.584,11.75,6.482,2.431,0.768,8.303,9.082,5.084,1.967,0.578,4.499,4.953,2.904,1.05,0.294,1.798,2.013,1.071,0.424,0.127
Jordânia,Portugal,5.951,11.219,82.83,2.657,7.467,11.115,10.715,8.101,1.82,5.155,7.664,7.534,5.711,0.61,1.795,2.686,2.647,2.073,0.155,0.435,0.674,0.626,0.504,0.023,0.077,0.136,0.134,0.082
Jordânia,Colômbia,6.927,13.431,79.642,3.808,9.555,12.892,11.106,7.661,2.457,6.252,8.066,7.309,4.81,0.811,2.006,2.713,2.32,1.673,0.153,0.466,0.648,0.59,0.358,0.034,0.086,0.112,0.091,0.061
Jordânia,Uzbequistão,44.664,23.873,31.463,5.129,6.782,4.502,2.155,0.814,8.3,10.803,7.186,3.327,1.164,6.888,9.083,6.211,2.658,0.961,3.789,4.885,3.275,1.485,0.532,1.595,2.015,1.386,0.606,0.22
Jordânia,RD Congo,24.791,28.453,46.756,11.776,14.962,9.738,4.282,1.446,9.717,12.73,8.078,3.656,1.22,4.346,5.473,3.418,1.58,0.479,1.266,1.655,1.061,0.49,0.147,0.317,0.366,0.24,0.113,0.036
Jordânia,Inglaterra,5.503,12.347,82.15,3.996,10.361,13.645,12.399,8.234,2.118,5.734,7.739,6.939,4.717,0.592,1.7,2.171,1.912,1.366,0.123,0.331,0.412,0.41,0.265,0.023,0.045,0.069,0.054,0.033
Jordânia,Croácia,14.444,18.251,67.305,3.904,8.497,9.906,7.645,4.562,3.597,8.197,9.52,7.319,4.35,1.867,4.026,4.718,3.609,2.085,0.607,1.288,1.48,1.212,0.702,0.154,0.349,0.412,0.321,0.197
Jordânia,Gana,32.781,26.237,40.982,7.932,10.612,7.215,3.399,1.159,9.244,12.173,8.491,3.835,1.376,5.494,7.374,5.059,2.262,0.867,2.231,3.056,2.001,0.952,0.317,0.69,0.949,0.621,0.295,0.114
Jordânia,Panamá,34.295,24.638,41.067,6.064,8.95,6.623,3.33,1.296,8.114,11.498,8.545,4.369,1.627,5.45,7.663,5.665,2.86,1.099,2.402,3.55,2.508,1.236,0.471,0.794,1.198,0.882,0.457,0.16
Colômbia,Portugal,34.933,27.815,37.252,9.731,11.667,6.782,2.753,0.883,11.021,12.787,7.676,3.067,0.956,6.3,7.387,4.458,1.815,0.582,2.489,2.948,1.691,0.76,0.241,0.76,0.833,0.556,0.197,0.073
Portugal,Uzbequistão,85.008,10.353,4.639,2.969,1.659,0.521,0.096,0.018,8.499,4.792,1.435,0.271,0.045,12.5,7.151,2.159,0.421,0.07,12.139,7.06,2.066,0.38,0.066,9.101,5.246,1.529,0.325,0.049
Portugal,RD Congo,62.389,24.486,13.125,11.915,6.609,1.928,0.417,0.054,18.568,9.984,2.921,0.536,0.09,14.399,8.036,2.328,0.444,0.059,7.808,4.317,1.209,0.247,0.044,3.122,1.733,0.547,0.087,0.011
Portugal,Inglaterra,32.416,28.881,38.703,11.269,12.706,7.419,2.965,0.914,11.516,13.048,7.692,3.035,0.906,6.011,6.716,3.94,1.62,0.498,2.088,2.452,1.371,0.58,0.204,0.573,0.663,0.385,0.166,0.041
Portugal,Croácia,55.863,22.712,21.425,6.097,6.324,3.211,1.058,0.322,11.044,10.779,5.503,1.832,0.484,9.843,9.636,4.74,1.572,0.449,5.753,5.752,2.908,0.969,0.255,2.724,2.612,1.279,0.48,0.114
Portugal,Gana,73.84,17.269,8.891,6.379,3.807,1.115,0.223,0.035,13.695,7.921,2.407,0.485,0.066,14.498,8.488,2.569,0.549,0.096,10.627,6.275,1.882,0.375,0.059,5.945,3.499,1.011,0.226,0.022
Portugal,Panamá,76.775,15.239,7.986,4.806,3.065,0.946,0.198,0.041,11.395,7.212,2.289,0.521,0.075,13.568,8.526,2.669,0.587,0.114,10.98,6.952,2.212,0.506,0.096,6.737,4.121,1.325,0.319,0.044
Uzbequistão,Colômbia,5.31,12.526,82.164,4.255,10.684,14.236,12.473,8.474,2.149,5.805,7.747,6.753,4.416,0.582,1.6,2.104,1.827,1.256,0.107,0.294,0.379,0.318,0.232,0.014,0.056,0.048,0.058,0.041
Colômbia,RD Congo,59.166,27.226,13.608,14.625,7.485,1.93,0.388,0.051,20.432,10.44,2.721,0.51,0.071,14.232,7.268,1.96,0.35,0.052,6.894,3.443,0.913,0.188,0.016,2.511,1.36,0.389,0.064,0.013
Colômbia,Inglaterra,30.747,30.265,38.988,13.498,14.406,7.957,2.962,0.852,12.399,13.091,7.037,2.64,0.79,5.732,6.223,3.273,1.247,0.369,1.818,1.952,1.014,0.376,0.11,0.462,0.444,0.271,0.101,0.026
Colômbia,Croácia,52.784,24.797,22.419,7.943,7.5,3.589,1.084,0.28,12.723,11.691,5.486,1.777,0.441,9.861,9.188,4.347,1.384,0.362,5.373,5.08,2.366,0.74,0.219,2.228,2.093,0.973,0.316,0.072
Colômbia,Gana,70.384,19.897,9.719,8.658,4.644,1.208,0.241,0.032,16.005,8.602,2.435,0.514,0.066,15.172,8.228,2.318,0.445,0.068,9.987,5.496,1.477,0.296,0.044,4.977,2.802,0.79,0.152,0.022
Colômbia,Panamá,73.64,17.466,8.894,6.52,3.865,1.107,0.245,0.023,13.713,7.931,2.368,0.494,0.069,14.731,8.518,2.62,0.565,0.076,10.651,6.153,1.816,0.375,0.053,5.918,3.442,1.031,0.183,0.02
RD Congo,Uzbequistão,51.024,28.38,20.596,13.385,9.46,3.438,0.859,0.141,17.399,11.867,4.46,1.026,0.198,11.375,7.984,2.765,0.71,0.14,4.993,3.496,1.176,0.337,0.066,1.646,1.2,0.446,0.089,0.026
Uzbequistão,Inglaterra,4.389,11.486,84.125,4.389,11.187,14.997,13.662,9.489,2.005,5.228,6.881,6.178,4.262,0.464,1.201,1.625,1.499,1.036,0.078,0.227,0.286,0.22,0.166,0.006,0.029,0.04,0.035,0.021
Uzbequistão,Croácia,11.399,17.074,71.527,4.39,10.078,11.698,9.016,5.438,3.525,7.888,9.283,7.193,4.24,1.448,3.252,3.824,2.994,1.713,0.386,0.929,1.036,0.867,0.45,0.088,0.204,0.21,0.165,0.092
Uzbequistão,Gana,27.039,27.269,45.692,9.693,12.849,8.956,4.173,1.446,9.328,12.609,8.477,3.975,1.411,4.633,6.219,4.241,1.959,0.689,1.521,2.081,1.403,0.654,0.242,0.407,0.5,0.368,0.172,0.069
Uzbequistão,Panamá,28.352,25.761,45.887,7.837,11.259,8.314,4.148,1.584,8.416,12.144,8.808,4.494,1.642,4.663,6.672,4.793,2.415,0.931,1.724,2.516,1.805,0.868,0.378,0.475,0.745,0.492,0.286,0.113
Inglaterra,RD Congo,61.413,26.885,11.702,15.529,6.898,1.565,0.25,0.037,21.452,9.61,2.266,0.345,0.043,15.374,6.837,1.62,0.242,0.027,7.557,3.357,0.739,0.116,0.014,2.716,1.277,0.252,0.057,0.01
RD Congo,Croácia,23.361,29.618,47.021,13.71,16.433,10.156,4.265,1.323,10.415,12.537,7.885,3.165,1.038,4.069,4.876,3.023,1.277,0.39,1.026,1.341,0.769,0.325,0.118,0.233,0.272,0.142,0.056,0.023
RD Congo,Gana,39.266,33.869,26.865,18.971,13.463,5.031,1.272,0.213,17.631,12.556,4.669,1.187,0.235,8.444,6.094,2.17,0.564,0.101,2.714,1.899,0.696,0.163,0.023,0.683,0.502,0.164,0.043,0.009
RD Congo,Panamá,41.694,31.828,26.478,16.03,12.207,4.942,1.299,0.274,16.621,12.821,5.022,1.377,0.269,9.029,6.798,2.723,0.718,0.141,3.317,2.479,1.024,0.241,0.06,0.877,0.691,0.256,0.087,0.012
Inglaterra,Croácia,56.599,24.553,18.848,9.007,7.115,2.915,0.797,0.186,14.293,11.226,4.699,1.245,0.256,11.463,9.117,3.681,1.072,0.228,6.231,4.973,2.068,0.572,0.143,2.607,2.038,0.884,0.219,0.061
Inglaterra,Gana,73.136,18.918,7.946,8.888,4.139,1.0,0.172,0.012,17.022,7.888,1.9,0.289,0.043,16.647,7.598,1.926,0.324,0.025,10.911,5.232,1.21,0.198,0.023,5.58,2.575,0.673,0.096,0.018
Panamá,Inglaterra,7.375,16.559,76.066,6.83,14.701,15.75,11.799,6.514,3.521,7.349,7.938,5.712,3.368,0.916,1.932,2.077,1.47,0.843,0.145,0.329,0.363,0.285,0.144,0.026,0.049,0.037,0.036,0.016
Croácia,Gana,58.289,23.783,17.928,8.284,6.58,2.807,0.796,0.158,13.596,11.003,4.449,1.329,0.25,11.702,9.32,3.803,1.022,0.224,6.555,5.332,2.165,0.624,0.136,2.956,2.254,0.983,0.254,0.063
Panamá,Croácia,16.957,21.921,61.122,6.463,11.807,11.181,7.127,3.469,5.468,10.316,9.579,5.965,2.908,2.439,4.448,4.184,2.64,1.363,0.775,1.361,1.288,0.858,0.387,0.162,0.314,0.302,0.184,0.092
Gana,Panamá,36.335,29.097,34.568,11.549,12.023,6.447,2.391,0.634,12.518,13.112,7.039,2.612,0.763,6.933,7.243,3.838,1.497,0.443,2.588,2.784,1.481,0.551,0.152,0.761,0.789,0.428,0.159,0.044
